contractSymbol,expiration,DTE,option_type,strike,spot,bid,ask,mid,contract_cost,volume,open_interest,spread_pct,IV,BS_value,mispricing_vs_mid,delta,gamma,theta_per_day,theta_pct_of_premium,vega_per_vol_point,probability_ITM,probability_touch_approx,expected_move,scenario_spot_1sigma,scenario_value_after_1day,scenario_return_after_1day,technical_score,technical_direction,liquidity_score,decision_score,target_100pct_scenario,within_risk_budget,passes_liquidity_filter,distance_from_spot_pct
QQQ260723P00712000,2026-07-23,0.8354492449652778,put,712.0,705.27001953125,6.2,6.85,6.525,652.5,1322,489,0.0996168582375478,0.0937590625,6.685460062496304,0.02459158045920362,-0.9818843338461415,0.014061948019883207,-0.0075147357409060585,0.0011516836384530358,0.015010556593970182,0.9820941895166165,1.0,3.1636052100606356,702.1064143211894,9.893531399003564,0.5162500228357951,-95.0,bearish,0.8754789272030652,82.87327898358106,False,False,True,0.009542416779920737
QQQ260723P00711000,2026-07-23,0.8354492449652778,put,711.0,705.27001953125,5.37,5.92,5.645,564.5,3270,482,0.0974313551815766,0.0903411279296875,5.703212047529746,0.01031214305221373,-0.9677459057100066,0.02369323070073106,-0.05625982251003862,0.009966310453505513,0.024369568732283603,0.9680679003401399,1.0,3.0482777384971587,702.2217417927528,8.778204014153744,0.5550405693806455,-95.0,bearish,0.8782108060230293,82.81784815193262,False,False,True,0.008124520127139823
QQQ260723P00710000,2026-07-23,0.8354492449652778,put,710.0,705.27001953125,4.86,5.32,5.09,509.0,8064,912,0.09037328094302553,0.10913976806640624,4.846963457488528,-0.04774784725176273,-0.8961528352184341,0.04897978126121268,-0.32766978613565884,0.06437520356299781,0.06086083684299344,0.897101821281066,1.0,3.6825788320962802,701.5874406991537,8.412505187335114,0.6527515102819479,-95.0,bearish,0.8870333988212181,81.68229576829535,False,False,True,0.00670662347435913
QQQ260723P00709000,2026-07-23,0.8354492449652778,put,709.0,705.27001953125,4.29,4.78,4.535,453.5,15235,903,0.10804851157662629,0.12207909179687501,4.089412680827991,-0.09825519717133613,-0.8117866890827466,0.06549357681105301,-0.6018258760761452,0.13270691864964612,0.09102863927937536,0.8133675907233576,1.0,4.119175688729443,701.1508438425205,7.849102125431386,0.7307832691138669,-95.0,bearish,0.8649393605292172,79.40262496598082,False,False,True,0.005288726821578438
QQQ260723P00708000,2026-07-23,0.8354492449652778,put,708.0,705.27001953125,4.02,4.28,4.15,415.00000000000006,22260,1140,0.06265060240963871,0.13196668823242189,3.4207810213698053,-0.17571541653739642,-0.7238196102644904,0.07509129774188633,-0.8346928683216005,0.20113081164375915,0.11282152865144804,0.7259350103846648,1.0,4.4528015886095,700.8172179426405,7.182728107754201,0.7307778572901689,-95.0,bearish,0.9216867469879516,78.10464607961588,False,False,True,0.0038708301687975233
QQQ260723P00707000,2026-07-23,0.8354492449652778,put,707.0,705.27001953125,3.4,3.8,3.5999999999999996,359.99999999999994,23686,849,0.11111111111111109,0.13910773010253907,2.8238297948202558,-0.21560283477215114,-0.6372116247365166,0.07991471001118179,-1.0041024898680067,0.2789173582966685,0.12656570534127612,0.6397124005426219,1.0,4.693753627411764,700.5762659038382,6.423680229880688,0.7843556194113024,-95.0,bearish,0.8611111111111112,74.74800077951666,False,False,True,0.002452933516016831
QQQ260723P00706000,2026-07-23,0.8354492449652778,put,706.0,705.27001953125,3.09,3.38,3.235,323.5,23200,595,0.08964451313755797,0.14606566833496093,2.3176482575681803,-0.2835708631937619,-0.5522804505854018,0.08024838921994559,-1.1236249208871831,0.347333824076409,0.1334512130681958,0.555049366376501,1.0,4.928527408808841,700.3414921224412,5.658454094660669,0.7491357325071621,-95.0,bearish,0.8879443585780525,72.67244114170806,False,False,True,0.0010350368632359164
QQQ260723P00705000,2026-07-23,0.8354492449652778,put,705.0,705.27001953125,2.8,2.98,2.8899999999999997,288.99999999999994,31240,1370,0.06228373702422151,0.15137567382812503,1.8742559789890265,-0.3514685193809596,-0.4724342857780536,0.07791875202138389,-1.1798386897156996,0.40824868156252586,0.13428766714622398,0.47532270626389006,0.9506454125277801,5.107696873559243,700.1623226576908,4.837623643323241,0.6739182156827825,-95.0,bearish,0.9221453287197231,70.65132865526556,False,False,True,0.00038285978954477606
QQQ260723P00704000,2026-07-23,0.8354492449652778,put,704.0,705.27001953125,2.5,2.7,2.6,260.0,10003,1301,0.07692307692307698,0.16010361389160155,1.5513490651345023,-0.40332728264057605,-0.40086845910518465,0.07155580135509951,-1.2186100849723602,0.46869618652783085,0.130431964852846,0.4038368419389405,0.807673683877881,5.40219380987312,699.8678257213769,4.132120662452053,0.5892771778661741,-95.0,bearish,0.9038461538461537,67.68687923619807,False,False,True,0.0018007564423255795
QQQ260723P00703000,2026-07-23,0.8354492449652778,put,703.0,705.27001953125,2.13,2.3,2.215,221.5,10943,1796,0.07674943566591419,0.16083602844238282,1.1918093873134126,-0.4619370711903329,-0.3318825948406445,0.06688331199124858,-1.1530896049239447,0.5205822144126162,0.1224726635584516,0.334684049162438,0.669368098324876,5.426906839493866,699.8431126917561,3.1568337774541533,0.42520712300413255,-95.0,bearish,0.9040632054176072,64.69550376750229,False,False,True,0.003218653095106383
QQQ260723P00702000,2026-07-23,0.8354492449652778,put,702.0,705.27001953125,1.87,2.01,1.94,194.0,7562,752,0.07216494845360809,0.16492534301757814,0.935516375465852,-0.5177750641928598,-0.27274202944768383,0.05971595638787929,-1.085563741031572,0.559568938676068,0.11212845550070004,0.2753735086281356,0.5507470172562712,5.564887921543026,699.705131609707,2.2948149438070686,0.18289430093147874,-95.0,bearish,0.9097938144329899,61.61861908067168,False,False,True,0.0046365497478871864
QQQ260723P00701000,2026-07-23,0.8354492449652778,put,701.0,705.27001953125,1.62,1.87,1.745,174.5,5769,645,0.14326647564469913,0.17524018127441404,0.7930589617118926,-0.545524950308371,-0.22981216712227556,0.051329498249971205,-1.0561848619499088,0.605263531203386,0.1024091507391892,0.2323672858831362,0.4647345717662724,5.912929755368516,699.3570897758815,1.6428568599380924,-0.05853475075180958,-95.0,bearish,0.8209169054441261,56.91448350949931,False,False,True,0.00605444640066799
QQQ260723C00680000,2026-07-23,0.8354492449652778,call,680.0,705.27001953125,25.56,29.5,27.53,2753.0,53,296,0.14311660007264806,0.6408727319335938,26.54018461431781,-0.035954064136657915,0.8865360257635403,0.008889936198809255,-2.553132684003283,0.09274001758094018,0.06486471129975754,0.8805423028709793,1.0,21.62423833675716,726.8942578680071,46.89430917228299,0.7033893633230288,-95.0,bearish,0.82110424990919,56.33645996861417,False,False,True,0.03583027610906453
QQQ260723P00700000,2026-07-23,0.8354492449652778,put,700.0,705.27001953125,1.5,1.55,1.525,152.5,42921,2344,0.03278688524590167,0.17408052490234377,0.5753105022446476,-0.622747211642854,-0.17990113980878134,0.044657351926124335,-0.9081315542805907,0.5954961011676004,0.08850773080312463,0.18209617060297772,0.36419234120595545,5.8738007918023385,699.3962187394477,0.603734731471377,-0.6041083728056544,-95.0,bearish,0.9590163934426229,55.131567783864966,False,False,True,0.007472343053448793
QQQ260723P00670000,2026-07-23,0.8354492449652778,put,670.0,705.27001953125,0.05,0.06,0.055,5.5,1192,5045,0.18181818181818174,0.304694453125,0.0005289711253930462,-0.9903823431746719,-0.00020548173724324085,7.559878422314151e-05,-0.004766298910313025,0.08665998018750955,0.00026225115597466344,0.00021711054041362147,0.00043422108082724294,10.280957740835197,694.9890617904148,0.0,-1.0,-95.0,bearish,0.7727272727272728,53.96728786347864,False,True,True,0.05000924263687234
QQQ260723P00685000,2026-07-23,0.8354492449652778,put,685.0,705.27001953125,0.2,0.24,0.22,22.0,8299,2444,0.18181818181818174,0.2368240380859375,0.012210101333975043,-0.9444995393910225,-0.004832928892376357,0.0017555510272903648,-0.06671421899777938,0.30324644998990624,0.004733444519641337,0.004994280745999171,0.009988561491998341,7.9908836626461595,697.2791358686038,0.0,-1.0,-95.0,bearish,0.7727272727272728,51.89696656956638,False,True,True,0.028740792845160512
QQQ260723C00702000,2026-07-23,0.8354492449652778,call,702.0,705.27001953125,7.14,7.69,7.415,741.5,1043,577,0.07417397167902909,0.28211167114257807,5.686740013476424,-0.23307619508072508,0.6397676308250418,0.039310334258983205,-2.1804991854451705,0.2940659724133743,0.12626001660382705,0.6347123659352408,1.0,9.518972660862225,714.7889921921122,12.789045495106393,0.7247532697378818,-95.0,bearish,0.9072825354012136,51.272593434181225,False,False,True,0.0046365497478871864
QQQ260723C00703000,2026-07-23,0.8354492449652778,call,703.0,705.27001953125,6.5,6.86,6.68,668.0,3671,951,0.053892215568862326,0.2696606237792969,4.910023364429094,-0.2649665622112135,0.6038849935078953,0.04234957735302639,-2.1443908507546796,0.32101659442435326,0.13001835502408754,0.5989122652284249,1.0,9.098851157309563,714.3688706885596,11.36892408116671,0.7019347426896274,-95.0,bearish,0.9326347305389221,50.642005589034255,False,False,True,0.003218653095106383
QQQ260723P00699000,2026-07-23,0.8354492449652778,put,699.0,705.27001953125,1.25,1.4,1.325,132.5,5433,760,0.11320754716981125,0.18091639404296872,0.46681885424213476,-0.6476838835908416,-0.1476356855982891,0.0377913165811502,-0.831353685539552,0.6274367438034355,0.07784092660129269,0.1496432261660619,0.2992864523321238,6.1044557349292905,699.1655637963207,0.015991612245670694,-0.9879308586825127,-95.0,bearish,0.858490566037736,49.5937693481582,False,False,True,0.008890239706229486
QQQ260723P00694000,2026-07-23,0.8354492449652778,put,694.0,705.27001953125,0.61,0.66,0.635,63.5,6391,1584,0.07874015748031503,0.1948322705078125,0.10864253674914082,-0.828909390946235,-0.04069611862391256,0.013293189591115636,-0.3406674082605844,0.5364841074969833,0.02948683382853312,0.04151781347844545,0.0830356269568909,6.574003297723446,698.6960162335265,2.1286591053911518e-141,-1.0,-95.0,bearish,0.9015748031496063,49.122011257591204,False,False,True,0.015979722970133503
QQQ260723C00704000,2026-07-23,0.8354492449652778,call,704.0,705.27001953125,5.73,6.26,5.995,599.5,2574,606,0.0884070058381984,0.26709717285156254,4.298549952827557,-0.28297748910299303,0.5614256153411137,0.043739784955451,-2.1690581327514815,0.36181119812368334,0.13300990599897294,0.5563898406795155,1.0,9.012355553636954,714.282375084887,10.282428563933422,0.7151674001557,-95.0,bearish,0.889491242702252,48.608959020769845,False,False,True,0.0018007564423255795
QQQ260723P00691000,2026-07-23,0.8354492449652778,put,691.0,705.27001953125,0.42,0.47,0.44499999999999995,44.49999999999999,6831,1237,0.11235955056179774,0.20996883789062498,0.05288089417130948,-0.8811665299521135,-0.020231597634448706,0.006901191471185138,-0.205740498883196,0.46233819973751916,0.016497455794925318,0.020728068544561218,0.041456137089122436,7.084739243218842,698.1852802880312,5.7342508622185476e-282,-1.0,-95.0,bearish,0.8595505617977528,48.60719060947109,False,False,True,0.020233412928475802
QQQ260723P00692000,2026-07-23,0.8354492449652778,put,692.0,705.27001953125,0.48,0.54,0.51,51.0,5203,1138,0.11764705882352951,0.20655090332031245,0.0702954870307515,-0.8621657117044088,-0.02641005105265803,0.008780060313393654,-0.25318478300127806,0.49644075098289814,0.020647270605813076,0.02702086497083068,0.05404172994166136,6.969411771655365,698.3006077595946,1.3099426117636254e-224,-1.0,-95.0,bearish,0.8529411764705881,48.2598333189994,False,False,True,0.018815516275695
QQQ260723P00698000,2026-07-23,0.8354492449652778,put,698.0,705.27001953125,1.1,1.27,1.185,118.5,6124,1013,0.1434599156118143,0.18775226318359373,0.3806790014163397,-0.6787518975389539,-0.12135856297793081,0.031827619349684096,-0.7550468974187134,0.6371703775685346,0.06803421653990825,0.12318064559784603,0.24636129119569206,6.335110678056243,698.9349088531937,3.859552854653596e-09,-0.9999999967429933,-95.0,bearish,0.8206751054852321,48.130411267689595,False,False,True,0.01030813635901029
QQQ260723P00693000,2026-07-23,0.8354492449652778,put,693.0,705.27001953125,0.54,0.61,0.575,57.49999999999999,2946,322,0.12173913043478253,0.20215641601562498,0.09081165163427585,-0.842066692809955,-0.03370257341429283,0.010981764920439742,-0.3031823214228488,0.5272736024745197,0.02527538177351149,0.03443388745423503,0.06886777490847006,6.821133593930895,698.4488859373191,4.761916129161612e-176,-1.0,-95.0,bearish,0.8478260869565218,47.99746346346994,False,False,True,0.017397619622914307
QQQ260723P00695000,2026-07-23,0.8354492449652778,put,695.0,705.27001953125,0.71,0.8,0.755,75.5,10113,1918,0.11920529801324514,0.1947102014160156,0.15719152728905073,-0.7917993016039063,-0.056009720823480755,0.01717696600744125,-0.4393745475658986,0.5819530431336405,0.038077919735813114,0.057069429574973914,0.11413885914994783,6.569884459453322,698.7001350717967,2.5013697074407267e-89,-1.0,-95.0,bearish,0.8509933774834436,47.96672570983195,False,False,True,0.0145618263173527
QQQ260723P00690000,2026-07-23,0.8354492449652778,put,690.0,705.27001953125,0.37,0.43,0.4,40.0,12284,2478,0.15,0.215828154296875,0.0430211433991623,-0.8924471415020943,-0.01642576244985112,0.005621500232675808,-0.17715044128866433,0.4428761032216608,0.01381332982168438,0.016853357479037923,0.03370671495807585,7.282443480184802,697.9875760510652,0.0,-1.0,-95.0,bearish,0.8125,47.783306117364155,False,False,True,0.021651309581256606
QQQ260723P00697000,2026-07-23,0.8354492449652778,put,697.0,705.27001953125,0.95,1.12,1.0350000000000001,103.50000000000001,6030,553,0.16425120772946872,0.1920246813964844,0.2970646398381547,-0.7129810243109618,-0.09705956173361593,0.026500620200274796,-0.6582836378956413,0.6360228385465132,0.05793635158953464,0.09864755426391231,0.19729510852782461,6.479270017510591,698.7907495137395,3.1736764267028028e-24,-1.0,-95.0,bearish,0.7946859903381641,47.1314425065764,False,False,True,0.011726033011791093
QQQ260723C00705000,2026-07-23,0.8354492449652778,call,705.0,705.27001953125,5.08,5.57,5.325,532.5,9045,912,0.09201877934272304,0.2589795782470704,3.6550844173333985,-0.3135991704538219,0.5177373875402338,0.04560796837691395,-2.1238629330395145,0.3988474991623501,0.13447584997989154,0.5128039837770217,1.0,8.7384528086737,714.0084723399237,9.008525907192166,0.6917419544022845,-95.0,bearish,0.8849765258215962,47.120414896364096,False,False,True,0.00038285978954477606
QQQ260723C00706000,2026-07-23,0.8354492449652778,call,706.0,705.27001953125,4.57,4.81,4.6899999999999995,468.99999999999994,13085,829,0.05117270788912566,0.2461012890625,2.9922427322750877,-0.3619951530330303,0.470420472413311,0.04791005456161545,-2.0131526151244383,0.42924362795830245,0.13423896833439783,0.46574373858100643,0.9314874771620129,8.303915371175597,713.5739349024255,7.573988559444274,0.6149229337834274,-95.0,bearish,0.9360341151385929,46.38427368669848,False,False,True,0.0010350368632359164
QQQ260723P00696000,2026-07-23,0.8354492449652778,put,696.0,705.27001953125,0.81,0.98,0.895,89.5,3953,1921,0.1899441340782122,0.19568675415039063,0.22855937117993363,-0.7446264009162753,-0.07668620210937308,0.021804630721747636,-0.562975732061203,0.6290231643141933,0.04857896050215601,0.07804401320959115,0.1560880264191823,6.602835165614316,698.6671843656356,9.163371397302469e-48,-1.0,-95.0,bearish,0.7625698324022347,46.14704526909459,False,False,True,0.013143929664571896
QQQ260723C00707000,2026-07-23,0.8354492449652778,call,707.0,705.27001953125,3.9,4.2,4.05,405.0,21841,999,0.07407407407407414,0.23889921264648437,2.455256492108333,-0.3937638291090535,0.4204908301325929,0.048504388258128334,-1.9184435063766638,0.4736897546609047,0.131927034968095,0.41603198580952805,0.8320639716190561,8.06090391323827,713.3309234444882,6.330977189435089,0.5632042443049603,-95.0,bearish,0.9074074074074073,44.0282519464294,False,False,True,0.002452933516016831
QQQ260723C00708000,2026-07-23,0.8354492449652778,call,708.0,705.27001953125,3.33,3.7,3.515,351.5,26590,647,0.10526315789473686,0.23535920898437498,2.01797615285426,-0.4258958313359147,0.3709456849008809,0.047583047254817615,-1.8244062314504408,0.5190344897440798,0.12750332160276254,0.3667028735862736,0.7334057471725473,7.941457603404669,713.2114771346546,5.211530966354189,0.4826546134720311,-95.0,bearish,0.868421052631579,41.2714977167298,False,False,True,0.0038708301687975233
QQQ260723C00709000,2026-07-23,0.8354492449652778,call,709.0,705.27001953125,2.84,3.18,3.01,301.0,16170,749,0.11295681063122934,0.2291336853027344,1.5991917063026335,-0.4687070743180619,0.32012410750451703,0.046261574550862244,-1.6795005186225824,0.5579735942267716,0.12068336256992498,0.3162169748467057,0.6324339496934114,7.731396851628338,713.0014163828783,4.001470302192615,0.32939212697429077,-95.0,bearish,0.8588039867109634,38.65829746871427,False,False,True,0.005288726821578438
QQQ260723C00710000,2026-07-23,0.8354492449652778,call,710.0,705.27001953125,2.4,2.55,2.4749999999999996,247.49999999999997,28884,2757,0.06060606060606058,0.21521780883789063,1.1503659422351973,-0.5352056799049707,0.2626681891538915,0.044901648720872885,-1.437279948543998,0.5807191711288882,0.11002174917083106,0.2593247838117374,0.5186495676234748,7.261849288834182,712.5318688200841,2.531922829481573,0.022999123022857892,-95.0,bearish,0.9242424242424243,36.55914660328008,False,False,True,0.00670662347435913
QQQ260723C00711000,2026-07-23,0.8354492449652778,call,711.0,705.27001953125,1.94,2.2,2.0700000000000003,207.00000000000003,9625,734,0.1256038647342996,0.21363091064453127,0.8967172499314415,-0.5668032609026853,0.2183899853600825,0.04090345124715019,-1.288736592843872,0.6225780641757835,0.0994860291558914,0.21539094935879932,0.43078189871759864,7.208304391322568,712.4783239225726,1.4783780180960093,-0.2858077207265657,-95.0,bearish,0.8429951690821256,31.578223588883564,False,False,True,0.008124520127139823
QQQ260723C00720000,2026-07-23,0.8354492449652778,call,720.0,705.27001953125,0.2,0.23,0.21500000000000002,21.500000000000004,18171,2143,0.1395348837209302,0.17652190673828128,0.01464637428952198,-0.9318773288859443,0.00749691386246527,0.0034756793638329522,-0.0743722853962309,0.3459176064940972,0.006985160140880752,0.007323951849075331,0.014647903698150663,5.956177557204822,711.2261970884548,0.0,-1.0,-95.0,bearish,0.8255813953488372,28.82393087901728,False,True,True,0.020885590002166943
QQQ260723C00712000,2026-07-23,0.8354492449652778,call,712.0,705.27001953125,1.58,1.88,1.73,173.0,9645,833,0.17341040462427734,0.21192194335937498,0.6856433507196158,-0.6036743637458868,0.17810323536754635,0.03645209217041774,-1.1291623607212353,0.6526950061972459,0.08795012062723646,0.1754748552959854,0.3509497105919708,7.150640655540829,712.4206601867909,0.42238575894498354,-0.7558463821127263,-95.0,bearish,0.7832369942196533,26.149977714255474,False,False,True,0.009542416779920737
QQQ260723C00715000,2026-07-23,0.8354492449652778,call,715.0,705.27001953125,0.82,0.9,0.86,86.0,14715,1856,0.09302325581395357,0.1909260595703125,0.19445961637790532,-0.7738841670024357,0.06871334401919808,0.020546168799150392,-0.5156147046363532,0.5995519821352944,0.04466158308331722,0.0675132498572054,0.1350264997144108,6.442200473079473,711.7122200043294,7.563009816127538e-71,-1.0,-95.0,bearish,0.883720930232558,24.904163780442328,False,False,True,0.013796106738263036
QQQ260723C00714000,2026-07-23,0.8354492449652778,call,714.0,705.27001953125,1.03,1.17,1.1,110.00000000000001,7773,463,0.12727272727272718,0.19715158325195312,0.30824752509217035,-0.7197749771889361,0.09854951892107891,0.026101337878204435,-0.698854578148921,0.6353223437717463,0.05858697698219602,0.0969228307869372,0.1938456615738744,6.652261224855806,711.9222807561058,7.607185693084813e-29,-1.0,-95.0,bearish,0.840909090909091,24.2784149962031,False,False,True,0.012378210085482344
QQQ260723C00713000,2026-07-23,0.8354492449652778,call,713.0,705.27001953125,1.26,1.47,1.365,136.5,6630,537,0.15384615384615383,0.20252262329101559,0.45709509674433946,-0.6651317972568942,0.13333804843680547,0.0315033903790382,-0.8906743308124374,0.652508667261859,0.07263883845724145,0.131264898247332,0.262529796494664,6.833490108741268,712.1035096399912,1.357871849696178e-07,-0.9999999005222088,-95.0,bearish,0.8076923076923077,24.129058109359484,False,False,True,0.01096031343270143
QQQ260723C00717000,2026-07-23,0.8354492449652778,call,717.0,705.27001953125,0.46,0.54,0.5,50.0,5375,674,0.16000000000000003,0.18396812133789062,0.07597887572898898,-0.848042248542022,0.03149029516146033,0.011410307419339233,-0.2655545811826956,0.5311091623653912,0.023898903228591103,0.03087233201689907,0.06174466403379814,6.207426691682396,711.4774462229324,1.902733817613394e-206,-1.0,-95.0,bearish,0.7999999999999999,23.181355016684073,False,False,True,0.016631900043824643
QQQ260723P00716000,2026-07-23,0.8354492449652778,put,716.0,705.27001953125,7.22,11.25,9.235,923.5,384,368,0.43638332430969146,0.1783529431152344,10.760246050050341,0.1651592907471946,-0.9603225206902034,0.01422214046408292,-0.23270759513727987,0.0251984401881191,0.028879076140137898,0.9610583824920991,1.0,6.017960131256684,699.2520593999933,16.747885950580553,0.8135231132193346,-95.0,bearish,0.75,81.6843373360897,False,False,False,0.015214003391043951
QQQ260723P00717000,2026-07-23,0.8354492449652778,put,717.0,705.27001953125,8.06,12.08,10.07,1007.0,80,211,0.3992055610724925,0.1726156958007813,11.715924517501435,0.16344831355525669,-0.9762585292324478,0.009604784925735802,-0.11810139244753351,0.01172804294414434,0.018875826615812122,0.9767279296107335,1.0,5.824374732560849,699.4456447986892,17.554300468109886,0.7432274546285884,-95.0,bearish,0.75,81.66379452696381,False,False,False,0.016631900043824643
QQQ260723P00718000,2026-07-23,0.8354492449652778,put,718.0,705.27001953125,8.97,12.94,10.955,1095.5,349,211,0.3623916020082153,0.1662681030273438,12.688960943786924,0.15828032348579857,-0.9872260176247669,0.005872477349466767,-0.032751402802145876,0.0029896305615833754,0.011116506956643115,0.9874970747815299,1.0,5.610195142514393,699.6598243887356,18.340120794484505,0.6741324321756736,-95.0,bearish,0.75,81.50592807118592,False,False,False,0.018049796696605336
QQQ260723P00715000,2026-07-23,0.8354492449652778,put,715.0,705.27001953125,6.71,10.54,8.625,862.5,683,526,0.4440579710144927,0.1901936450195313,9.855612741957202,0.14267973819793656,-0.9320337540611977,0.020449372611168033,-0.430782328310989,0.049945777195476986,0.04428065556391063,0.9332304913112316,1.0,6.41748744345873,698.8525320877912,16.147413344598363,0.8721638660403899,-95.0,bearish,0.75,81.27124449453913,False,False,False,0.013796106738263036
QQQ260723P00719000,2026-07-23,0.8354492449652778,put,719.0,705.27001953125,10.22,13.81,12.015,1201.5,52,278,0.29879317519766957,0.15479360839843753,13.671938905660454,0.13790585981360404,-0.99515366140212,0.0026868511764277323,0.03473390301757564,0.0028908783202310144,0.004735160321351879,0.995267989302551,1.0,5.22302434512272,700.0469951861273,18.95294991515948,0.5774406920648754,-95.0,bearish,0.75,81.01772228328122,False,False,False,0.01946769334938625
QQQ260723P00714000,2026-07-23,0.8354492449652778,put,714.0,705.27001953125,6.24,9.75,7.995,799.5,1130,393,0.4390243902439024,0.192390888671875,8.945439677847276,0.11887925926795195,-0.9069058914870347,0.02564753415210741,-0.5756510453837771,0.0720013815364324,0.056178245201010384,0.90843946901775,1.0,6.491626532320963,698.778392998929,15.221552518371709,0.903883992291646,-95.0,bearish,0.75,80.76633551360165,False,False,False,0.012378210085482344
QQQ260723P00720000,2026-07-23,0.8354492449652778,put,720.0,705.27001953125,10.78,14.71,12.745000000000001,1274.5,298,630,0.3083562181247549,0.1381922119140625,14.665098003815046,0.15065500226089013,-0.9990509397577512,0.0006806368964673896,0.07016786520755175,0.005505521004907944,0.0010708708775504098,0.9990831422436017,1.0,4.662862340385833,700.6071571908642,19.39278783013492,0.5215996728234538,-95.0,bearish,0.75,80.69560545364598,False,False,False,0.020885590002166943
QQQ260723P00713000,2026-07-23,0.8354492449652778,put,713.0,705.27001953125,5.07,9.02,7.045,704.5,890,296,0.5606813342796308,0.196297099609375,8.077370584887035,0.14653947265962164,-0.8741487197612472,0.031225094588358905,-0.7512632191661326,0.10663778838412102,0.06978397392769642,0.8760905911884276,1.0,6.6234293569649365,698.646590174285,14.35335542737846,1.037381891749959,-95.0,bearish,0.75,80.66297988492707,True,False,False,0.01096031343270143
QQQ260723P00723000,2026-07-23,0.8354492449652778,put,723.0,705.27001953125,14.21,17.79,16.0,1600.0,22,112,0.2237499999999999,0.18555501953124998,17.66863388233378,0.1042896176458612,-0.9972878683628118,0.001329136455959625,0.048076641208894405,0.0030047900755559003,0.0028078915449490922,0.9973722520012146,1.0,6.260971589194008,699.009047942056,23.9908968068911,0.4994310504306938,-95.0,bearish,0.75,80.53860414214003,False,False,False,0.025139279960509464
QQQ260723P00721000,2026-07-23,0.8354492449652778,put,721.0,705.27001953125,11.75,15.63,13.690000000000001,1369.0000000000002,10,106,0.283418553688824,1.0000000000000003e-05,15.66379229023596,0.14417766911876995,-0.9999885555552831,0.0,0.07922013308865933,0.0057867153461401985,0.0,1.0,1.0,0.00033741860527462467,705.2696821126448,15.730262867092279,0.14903308013822336,-95.0,bearish,0.625,75.72735338079342,False,False,False,0.022303486654947857
QQQ260723P00722000,2026-07-23,0.8354492449652778,put,722.0,705.27001953125,12.69,16.57,14.629999999999999,1463.0,11,80,0.2652084757347916,1.0000000000000003e-05,16.663689294948426,0.13900815413181333,-0.9999885555552831,0.0,0.07934340806184305,0.005423336162805404,0.0,1.0,1.0,0.00033741860527462467,705.2696821126448,16.730262781475744,0.14355863167981853,-95.0,bearish,0.5375000000000001,73.94449084957073,False,False,False,0.02372138330772855
QQQ260723P00740000,2026-07-23,0.8354492449652778,put,740.0,705.27001953125,31.21,34.79,33.0,3300.0,21,0,0.10848484848484843,0.32129584960937496,34.664583028495144,0.050441909954398234,-0.9990642175708322,0.00028893725940813507,0.06116760164210506,0.0018535636861243957,0.0010569311959010394,0.9991226660987074,1.0,10.841119745572083,694.4288997856779,45.57104346421909,0.38094071103694205,-95.0,bearish,0.3643939393939395,72.08306787990463,False,False,False,0.04924352305778279
QQQ260723P00755000,2026-07-23,0.8354492449652778,put,755.0,705.27001953125,45.69,50.0,47.845,4784.5,2,0,0.09008255826105137,0.500005,49.67171961584222,0.03817994807905167,-0.9976798355052359,0.0004280422204933341,0.010318374718937833,0.00021566255029653743,0.0024366828544886924,0.9978582670017812,1.0,16.871098973033867,688.3989205582161,66.60102135007162,0.39201633086156584,-95.0,bearish,0.1623968021736858,68.1080536304168,False,False,False,0.07051197284949451
QQQ260723P00745000,2026-07-23,0.8354492449652778,put,745.0,705.27001953125,35.69,40.0,37.845,3784.5,2,0,0.11388558594266092,0.4184628466796875,39.675130937411154,0.04835859261226472,-0.9967521565124688,0.0006937653028451667,-0.0008475993940118248,2.239660177069163e-05,0.0033052744972946785,0.9969544182898228,1.0,14.119715008590921,691.1503045226591,53.849638267966725,0.4228996767860147,-95.0,bearish,0.13264301757167385,67.70272259645232,False,False,False,0.056333006321686696
QQQ260723P00751000,2026-07-23,0.8354492449652778,put,751.0,705.27001953125,41.69,46.0,43.845,4384.5,0,0,0.09830083247804772,0.467778759765625,45.67296724688083,0.041691578216007,-0.9973689963213537,0.0005129069959719254,0.006244521161651174,0.00014242265165129828,0.0027316004322133296,0.9975560308701698,1.0,15.783725669721084,689.4862938615289,61.51364839956864,0.40297977875626967,-95.0,bearish,0.12712395940244037,67.47037410397748,False,False,False,0.06484038623837152
QQQ260723P00727000,2026-07-23,0.8354492449652778,put,727.0,705.27001953125,18.12,21.37,19.745,1974.5,10,11,0.16459863256520638,1.0000000000000003e-05,21.663174318511096,0.09714734456880714,-0.9999885555552831,0.0,0.07995978292776174,0.004049621824652405,0.0,1.0,1.0,0.00033741860527462467,705.2696821126448,21.73026235339364,0.1005450672774697,-95.0,bearish,0.22425170929349203,67.40650508280645,False,False,False,0.030810866571632456
QQQ260723P00735000,2026-07-23,0.8354492449652778,put,735.0,705.27001953125,26.12,29.39,27.755000000000003,2775.5000000000005,10,0,0.11781660961988828,1.0000000000000003e-05,29.66235035621139,0.06872096401410155,-0.9999885555552831,0.0,0.08094598271323164,0.002916446864104905,0.0,1.0,1.0,0.00033741860527462467,705.2696821126448,29.730261668462163,0.07116777764230453,-95.0,bearish,0.22772923797513966,67.29153880847711,False,False,False,0.042154039793878884
QQQ260723P00734000,2026-07-23,0.8354492449652778,put,734.0,705.27001953125,25.18,28.38,26.78,2678.0,10,0,0.11949215832710976,1.0000000000000003e-05,28.66245335149881,0.07029325435021705,-0.9999885555552831,0.0,0.08082270774004789,0.003018024934281101,0.0,1.0,1.0,0.00033741860527462467,705.2696821126448,28.730261754078583,0.07282530821802013,-95.0,bearish,0.2256348020911128,67.25968451393291,False,False,False,0.04073614314109797
QQQ260723P00729000,2026-07-23,0.8354492449652778,put,729.0,705.27001953125,19.64,23.34,21.490000000000002,2149.0,12,5,0.17217310376919492,1.0000000000000003e-05,23.66296832793614,0.10111532470619533,-0.9999885555552831,0.0,0.0802063328741292,0.0037322630467254165,0.0,1.0,1.0,0.00033741860527462467,705.2696821126448,23.7302621821608,0.10424672788091205,-95.0,bearish,0.20978362028850633,67.14499462784228,False,False,False,0.03364665987719406
QQQ260723P00724000,2026-07-23,0.8354492449652778,put,724.0,705.27001953125,15.13,18.49,16.81,1680.9999999999998,3,22,0.1998810232004758,1.0000000000000003e-05,18.66348330437347,0.11026075576284788,-0.9999885555552831,0.0,0.07958995800821052,0.004734679239036914,0.0,1.0,1.0,0.00033741860527462467,705.2696821126448,18.730262610242903,0.11423334980624067,-95.0,bearish,0.14764872099940526,65.95884995963934,False,False,False,0.026557176613290157
QQQ260723P00725000,2026-07-23,0.8354492449652778,put,725.0,705.27001953125,15.62,19.39,17.505,1750.5,5,10,0.21536703798914605,1.0000000000000003e-05,19.66338030908605,0.12330078886524154,-0.9999885555552831,0.0,0.07971323298139427,0.004553740815846574,0.0,1.0,1.0,0.00033741860527462467,705.2696821126448,19.730262524626482,0.12712153811062454,-95.0,bearish,0.1125,65.34360617924571,False,False,False,0.02797507326607085
QQQ260723P00730000,2026-07-23,0.8354492449652778,put,730.0,705.27001953125,21.27,24.32,22.795,2279.5,1,5,0.13380127220881774,1.0000000000000003e-05,24.66286533264872,0.08194188781086731,-0.9999885555552831,0.0,0.08032960784731295,0.003524001221641279,0.0,1.0,1.0,0.00033741860527462467,705.2696821126448,24.730262096544266,0.08489853461479546,-95.0,bearish,0.12024840973897785,65.2273850799951,False,False,False,0.03506455652997498
QQQ260723P00726000,2026-07-23,0.8354492449652778,put,726.0,705.27001953125,16.66,20.37,18.515,1851.5,7,3,0.20037807183364845,1.0000000000000003e-05,20.66327731379863,0.11602902045901331,-0.9999885555552831,0.0,0.07983650795457801,0.004311990707781691,0.0,1.0,1.0,0.00033741860527462467,705.2696821126448,20.730262439010062,0.11964690461842076,-95.0,bearish,0.1025,65.09619279037831,False,False,False,0.029392969918851763
QQQ260723P00739000,2026-07-23,0.8354492449652778,put,739.0,705.27001953125,29.66,33.38,31.520000000000003,3152.0000000000005,0,0,0.11802030456852798,1.0000000000000003e-05,33.66193837506148,0.06795489768596052,-0.9999885555552831,0.0,0.08143908260596658,0.0025837272400370103,0.0,1.0,1.0,0.00033741860527462467,705.2696821126448,33.730261325996366,0.07012250399734654,-95.0,bearish,0.10247461928934004,64.7828051400354,False,False,False,0.047825626405001875
QQQ260723P00733000,2026-07-23,0.8354492449652778,put,733.0,705.27001953125,23.62,27.33,25.475,2547.5,2,0,0.14563297350343463,1.0000000000000003e-05,27.662556346786346,0.08587071037434124,-0.9999885555552831,0.0,0.08069943276686417,0.003167789313714001,0.0,1.0,1.0,0.00033741860527462467,705.2696821126448,27.730261839695004,0.08852843335407279,-95.0,bearish,0.09295878312070671,64.70935399163747,False,False,False,0.03931824648831728
QQQ260723P00732000,2026-07-23,0.8354492449652778,put,732.0,705.27001953125,23.24,26.32,24.78,2478.0,0,0,0.12429378531073453,1.0000000000000003e-05,26.662659342073766,0.07597495327174197,-0.9999885555552831,0.0,0.08057615779368042,0.00325166092791285,0.0,1.0,1.0,0.00033741860527462467,705.2696821126448,26.730261925311424,0.07870306397544091,-95.0,bearish,0.09463276836158185,64.67649251778877,False,False,False,0.03790034983553636
QQQ260723P00731000,2026-07-23,0.8354492449652778,put,731.0,705.27001953125,22.22,25.33,23.775,2377.5,0,0,0.13080967402733962,1.0000000000000003e-05,25.6627623373613,0.07940114983643753,-0.9999885555552831,0.0,0.0804528828204967,0.003383927773732774,0.0,1.0,1.0,0.00033741860527462467,705.2696821126448,25.730262010927845,0.08224025282556657,-95.0,bearish,0.08648790746582549,64.53585389041628,False,False,False,0.03648245318275567
QQQ260723P00728000,2026-07-23,0.8354492449652778,put,728.0,705.27001953125,19.13,22.35,20.740000000000002,2074.0,2,0,0.15525554484088727,1.0000000000000003e-05,22.663071323223676,0.09272282175620417,-0.9999885555552831,0.0,0.08008305790094548,0.003861285337557641,0.0,1.0,1.0,0.00033741860527462467,705.2696821126448,22.73026226777722,0.09596250085714653,-95.0,bearish,0.08093056894889092,64.51141519798321,False,False,False,0.03222876322441337
QQQ260723C00685000,2026-07-23,0.8354492449652778,call,685.0,705.27001953125,20.1,24.6,22.35,2235.0,28,593,0.20134228187919462,0.5709271423339843,21.71159477133449,-0.0285639923340274,0.8609497947509159,0.011499881665446354,-2.6179943866264384,0.11713621416673102,0.07475015775014215,0.854818675562476,1.0,19.264144007976007,724.534163539226,39.53421529403556,0.7688686932454389,-95.0,bearish,0.75,54.59246932455181,False,False,False,0.028740792845160512
QQQ260723P00605000,2026-07-23,0.8354492449652778,put,605.0,705.27001953125,0.0,0.02,0.04,4.0,29,313,0.5,0.6718782812500002,3.6888786970875947e-06,-0.9999077780325728,-8.352966563580197e-07,1.8361048521139158e-07,-5.6411341446612086e-05,0.001410283536165302,1.4045141945279163e-06,9.799332720199444e-07,1.9598665440398887e-06,22.6704232573687,682.5995962738813,0.0,-1.0,-95.0,bearish,0.75,54.36091676330379,False,True,False,0.14217252506762357
QQQ260723P00570000,2026-07-23,0.8354492449652778,put,570.0,705.27001953125,0.0,0.01,0.01,1.0,208,2262,1.0,0.87500125,8.771093164731627e-07,-0.9999122890683527,-1.6115498319906538e-07,2.889072239283571e-08,-1.5059188010634328e-05,0.0015059188010634328,2.878095010005822e-07,2.0095909691612288e-07,4.0191819383224576e-07,29.524170138855307,675.7458493923947,0.0,-1.0,-95.0,bearish,0.75,54.359944831171305,False,True,False,0.19179890791495113
QQQ260723P00600000,2026-07-23,0.8354492449652778,put,600.0,705.27001953125,0.0,0.02,0.02,2.0,1195,188,1.0,0.710940390625,4.2704336296794845e-06,-0.9997864783185161,-9.1063912355969e-07,1.885377843983608e-07,-6.486019050087895e-05,0.0032430095250439474,1.5260530791400934e-06,1.0776391685147574e-06,2.155278337029515e-06,23.988451503808427,681.2815680274416,0.0,-1.0,-95.0,bearish,0.75,54.34259145753294,False,True,False,0.14926200833152747
QQQ260723P00625000,2026-07-23,0.8354492449652778,put,625.0,705.27001953125,0.0,0.03,0.02,2.0,774,1277,1.5,0.5625043750000001,1.2817954648643593e-05,-0.9993591022675679,-3.2919966524125983e-06,8.170643864120554e-07,-0.00017589942831472438,0.008794971415736218,5.232632540799152e-06,3.7356879550270717e-06,7.471375910054143e-06,18.97994416733744,686.2900753639126,0.0,-1.0,-95.0,bearish,0.75,54.287124999601744,False,True,False,0.11381459201200783
QQQ260723P00615000,2026-07-23,0.8354492449652778,put,615.0,705.27001953125,0.0,0.04,0.03,3.0,174,4742,1.3333333333333335,0.648441015625,2.11500225848686e-05,-0.999294999247171,-4.6421916756514376e-06,9.844982587153861e-07,-0.00028170015081358614,0.009390005027119537,7.268143302931044e-06,5.358517164408716e-06,1.0717034328817432e-05,21.879606309504855,683.3904132217451,0.0,-1.0,-95.0,bearish,0.75,54.281207120072104,False,True,False,0.12799355853981564
QQQ260723P00630000,2026-07-23,0.8354492449652778,put,630.0,705.27001953125,0.01,0.04,0.025,2.5,132,994,1.2,0.5546919531250001,3.9374778286727606e-05,-0.9984250088685309,-9.793286646299596e-06,2.345822915401786e-06,-0.0004910364307532864,0.019641457230131453,1.4814436675487828e-05,1.1026986906355321e-05,2.2053973812710642e-05,18.716338518049497,686.5536810132005,0.0,-1.0,-95.0,bearish,0.75,54.178805967436816,False,True,False,0.10672510874810393
QQQ260723P00535000,2026-07-23,0.8354492449652778,put,535.0,705.27001953125,0.0,0.05,0.01,1.0,9500,9502,5.0,1.2578162109375,1.6188224064871354e-05,-0.9983811775935129,-1.8884391597076866e-06,2.1459910931945146e-07,-0.00023119180438643794,0.023119180438643794,3.073145726252653e-06,2.519974960701184e-06,5.039949921402368e-06,42.44105915863442,662.8289603726156,0.0,-1.0,-95.0,bearish,0.75,54.14385859511278,False,True,False,0.2414252907622787
QQQ260723P00620000,2026-07-23,0.8354492449652778,put,620.0,705.27001953125,0.01,0.06,0.034999999999999996,3.4999999999999996,176,693,1.4285714285714286,0.648441015625,7.235934441140492e-05,-0.9979325901596742,-1.5083926540587476e-05,3.0265052147550594e-06,-0.0008659276009224137,0.02474078859778325,2.234343576860212e-05,1.727694155695739e-05,3.455388311391478e-05,21.879606309504855,683.3904132217451,0.0,-1.0,-95.0,bearish,0.75,54.127937652853305,False,True,False,0.12090407527591174
QQQ260723P00635000,2026-07-23,0.8354492449652778,put,635.0,705.27001953125,0.01,0.05,0.030000000000000002,3.0000000000000004,431,2175,1.3333333333333333,0.5312546875,6.68392420066985e-05,-0.9977720252664434,-1.69358837379209e-05,4.123758344401524e-06,-0.00079170753935032,0.026390251311677333,2.4942158473714826e-05,1.891724019228155e-05,3.78344803845631e-05,17.925521570185655,687.3444979610643,0.0,-1.0,-95.0,bearish,0.75,54.11147583168707,False,True,False,0.09963562548419991
QQQ260723P00580000,2026-07-23,0.8354492449652778,put,580.0,705.27001953125,0.0,0.05,0.01,1.0,281,193,5.0,0.914063359375,2.205939559307181e-05,-0.9977940604406929,-3.4675133290622914e-06,5.28427387574549e-07,-0.0003005625744561461,0.03005625744561461,5.499201972903907e-06,4.254908216351586e-06,8.509816432703173e-06,30.842198385295042,674.4278211459549,0.0,-1.0,-95.0,bearish,0.75,54.07452252370819,False,True,False,0.1776199413871432
QQQ260723P00595000,2026-07-23,0.8354492449652778,put,595.0,705.27001953125,0.0,0.05,0.01,1.0,1462,257,5.0,0.804689453125,2.5694360271102164e-05,-0.9974305639728898,-4.541878509171332e-06,7.769486199087843e-07,-0.0003424427047742187,0.034244270477421866,7.118011094996352e-06,5.427357488289963e-06,1.0854714976579926e-05,27.15171929526379,678.1183002359862,0.0,-1.0,-95.0,bearish,0.75,54.03266584237555,False,True,False,0.1563514915954315
QQQ260723P00585000,2026-07-23,0.8354492449652778,put,585.0,705.27001953125,0.0,0.05,0.01,1.0,420,301,5.0,0.8828136718749999,2.659807516719936e-05,-0.9973401924832801,-4.292405512418294e-06,6.709749604635804e-07,-0.0003559785615963955,0.03559785615963955,6.743935618285999e-06,5.2208847260597e-06,1.04417694521194e-05,29.787775788143257,675.4822437431068,0.0,-1.0,-95.0,bearish,0.75,54.01912585609813,False,True,False,0.1705304581232393
QQQ260723P00640000,2026-07-23,0.8354492449652778,put,640.0,705.27001953125,0.02,0.07,0.045000000000000005,4.500000000000001,101,727,1.111111111111111,0.51562984375,0.00015400392846854835,-0.9965776904784767,-3.864183877157664e-05,9.284946860833188e-06,-0.001679062198236404,0.0373124932941423,5.4507406691639734e-05,4.2827745921033066e-05,8.565549184206613e-05,17.39831027160976,687.8717092596403,0.0,-1.0,-95.0,bearish,0.75,54.002731621977,False,True,False,0.092546142220296
QQQ260723C00690000,2026-07-23,0.8354492449652778,call,690.0,705.27001953125,16.01,19.79,17.9,1789.9999999999998,74,560,0.2111731843575418,0.5026905200195313,16.975114928196035,-0.05166955708402032,0.8227636471451594,0.015319441579574303,-2.6992404441642734,0.15079555553990356,0.08767619256148838,0.8164542627726177,1.0,16.9617134149766,722.2317329462267,32.23178515102131,0.8006583883252132,-95.0,bearish,0.75,53.70051895555474,False,False,False,0.021651309581256606
QQQ260723P00665000,2026-07-23,0.8354492449652778,put,665.0,705.27001953125,0.03,0.05,0.04,4.0,850,2875,0.5000000000000001,0.335944140625,0.00033151275164612637,-0.9917121812088469,-0.00012042908486371125,4.158019365113533e-05,-0.003188137054316387,0.07970342635790968,0.00015903460342051124,0.00012823356201737055,0.0002564671240347411,11.335380337986983,693.934639193263,0.0,-1.0,-95.0,bearish,0.75,53.58053040766125,False,True,False,0.05709872590077636
QQQ260723P00660000,2026-07-23,0.8354492449652778,put,660.0,705.27001953125,0.02,0.05,0.035,3.5000000000000004,1622,4225,0.8571428571428571,0.37305314453125,0.0002877492303677426,-0.9917785934180645,-9.532462438811121e-05,3.006408479476107e-05,-0.0028434666950958596,0.08124190557416741,0.00012768995814548846,0.0001023095509385629,0.0002046191018771258,12.587507172104731,692.6825123591452,0.0,-1.0,-95.0,bearish,0.75,53.5646271352771,False,True,False,0.06418820916468027
QQQ260723C00692000,2026-07-23,0.8354492449652778,call,692.0,705.27001953125,15.0,17.41,16.205,1620.4999999999998,16,146,0.1487195310089479,0.44788149780273434,14.8621987604688,-0.08286339028270273,0.8163143514162589,0.017584055822935502,-2.4647004901079055,0.152095062641648,0.08966443734248779,0.8105745833485192,1.0,15.112355031690845,720.3823745629409,28.382426956561176,0.7514610895748954,-95.0,bearish,0.764100586238815,53.52396002916284,False,False,False,0.018815516275695
QQQ260723P00655000,2026-07-23,0.8354492449652778,put,655.0,705.27001953125,0.01,0.05,0.030000000000000002,3.0000000000000004,1801,3187,1.3333333333333333,0.4101621484375,0.0002546191493700417,-0.9915126950209986,-7.755104052926689e-05,2.2520303020938736e-05,-0.0025754820957401567,0.08584940319133855,0.00010516418511965184,8.390031006652322e-05,0.00016780062013304644,13.839634006222477,691.4303855250275,0.0,-1.0,-95.0,bearish,0.75,53.51818397428795,False,True,False,0.07127769242858417
QQQ260723P00650000,2026-07-23,0.8354492449652778,put,650.0,705.27001953125,0.02,0.07,0.045000000000000005,4.500000000000001,500,8703,1.111111111111111,0.46680220703125,0.00046582492147816124,-0.9896483350782631,-0.00012154379227797117,3.0183845801736302e-05,-0.004472099644180557,0.09937999209290126,0.00016041520333489502,0.0001326090699173417,0.0002652181398346834,15.750774963560094,689.51924456769,0.0,-1.0,-95.0,bearish,0.75,53.38385226046933,False,True,False,0.07836717569248808
QQQ260723P00645000,2026-07-23,0.8354492449652778,put,645.0,705.27001953125,0.01,0.07,0.04,4.0,142,803,1.5,0.5048877636718749,0.00041875983872226297,-0.9895310040319434,-0.00010197403996676122,2.366680986992684e-05,-0.004102782097786137,0.10256955244465342,0.00013604187816198507,0.00011216347943817346,0.00022432695887634693,17.03585250383883,688.2341670274112,0.0,-1.0,-95.0,bearish,0.75,53.351547745142234,False,True,False,0.0854566589563921
QQQ260723C00691000,2026-07-23,0.8354492449652778,call,691.0,705.27001953125,14.52,18.86,16.689999999999998,1668.9999999999998,18,594,0.2600359496704614,0.4901174035644532,16.05162185085453,-0.03824914015251446,0.8125502770374008,0.01627231966845924,-2.724230940731477,0.1632253409665355,0.09080037525105882,0.8061839418377746,1.0,16.537473073153812,721.8074926044038,30.807544898850665,0.8458684780617538,-95.0,bearish,0.725,53.172215280835154,False,False,False,0.020233412928475802
QQQ260723C00694000,2026-07-23,0.8354492449652778,call,694.0,705.27001953125,11.74,15.96,13.850000000000001,1385.0000000000002,832,191,0.3046931407942238,0.44482977050781247,13.248581531499667,-0.0434237161372083,0.7798959101426084,0.019731899906639136,-2.7190302053616096,0.19631987042322088,0.09993113051648811,0.7735503092801623,1.0,15.009384074937742,720.2794036061878,26.279456172020446,0.8974336586296348,-95.0,bearish,0.75,53.03236520556861,False,False,False,0.015979722970133503
QQQ260723P00675000,2026-07-23,0.8354492449652778,put,675.0,705.27001953125,0.08,0.1,0.09,9.0,3256,5054,0.22222222222222227,0.28613995117187496,0.001678572894256103,-0.981349190063821,-0.0006454259150832243,0.00023306685252046333,-0.012952367199344159,0.143915191103824,0.0007592714357902976,0.0006769261952169215,0.001353852390433843,9.654894323776324,695.6151252074736,0.0,-1.0,-95.0,bearish,0.75,52.9493866128661,False,True,False,0.042919759372968436
QQQ260723C00675000,2026-07-23,0.8354492449652778,call,675.0,705.27001953125,30.73,34.5,32.615,3261.5,1,118,0.11559098574275638,0.5725140405273439,30.765583095214424,-0.05670448887890778,0.9472243649654085,0.005572383094274683,-1.3139359775772212,0.0402862479710937,0.03632161575757687,0.9442207514498235,1.0,19.317688905487625,724.5877084367377,49.58775933487357,0.5203973427831845,-95.0,bearish,0.6180112678215545,52.85276019093785,False,False,False,0.042919759372968436
QQQ260723C00695000,2026-07-23,0.8354492449652778,call,695.0,705.27001953125,11.27,15.3,13.285,1328.5,118,484,0.30334964245389545,0.4456842541503906,12.494445915048345,-0.059507270225943154,0.7589336372076556,0.02072153176192089,-2.861675448450261,0.21540650722245094,0.10514465458269776,0.7522482625171483,1.0,15.038215942828609,720.3082354740786,25.30828812525351,0.9050273334778707,-95.0,bearish,0.75,52.46608240130426,False,False,False,0.0145618263173527
QQQ260723C00696000,2026-07-23,0.8354492449652778,call,696.0,705.27001953125,10.0,14.4,12.2,1220.0,355,256,0.3606557377049181,0.4329890686035156,11.614251905812466,-0.04801213886783062,0.7432708560148072,0.02205601033451196,-2.8735470790703883,0.23553664582544168,0.10872813547213274,0.736559194356935,1.0,14.609856762735696,719.8798762939857,23.879929034851898,0.9573712323649097,-95.0,bearish,0.75,52.29995897798367,False,False,False,0.013143929664571896
QQQ260723P00680000,2026-07-23,0.8354492449652778,put,680.0,705.27001953125,0.11,0.15,0.13,13.0,11921,3018,0.30769230769230765,0.260749580078125,0.004185414436319146,-0.9678045043360066,-0.0016490900032079185,0.0006046636218615877,-0.027884344945040117,0.21449496111569322,0.0017950457037665005,0.0017167049790045217,0.0034334099580090433,8.798175963590497,696.4718435676594,0.0,-1.0,-95.0,bearish,0.75,52.26438448842317,False,True,False,0.03583027610906453
QQQ260723C00697000,2026-07-23,0.8354492449652778,call,697.0,705.27001953125,9.4,13.41,11.405000000000001,1140.5,61,443,0.3516001753616834,0.41522801574707036,10.689086388513033,-0.06277190806549482,0.7284973423664078,0.02366457540630986,-2.835084942026412,0.24858263411016324,0.11187251886634125,0.721879584758773,1.0,14.010565794432633,719.2805853256826,22.280638157866292,0.9535851080987541,-95.0,bearish,0.75,51.850666074732196,False,False,False,0.011726033011791093
QQQ260723C00698000,2026-07-23,0.8354492449652778,call,698.0,705.27001953125,8.47,12.7,10.585,1058.5,143,690,0.3996221067548416,0.4115049084472656,9.93620487488954,-0.06129382381770998,0.7056697990966111,0.024822913479628072,-2.9174332673257637,0.275619581230587,0.11629628059074339,0.6988564318081899,1.0,13.884941227193844,719.1549607584438,21.155013677439115,0.9985841924836196,-95.0,bearish,0.75,51.41982744041539,False,False,False,0.01030813635901029
QQQ260723C00699000,2026-07-23,0.8354492449652778,call,699.0,705.27001953125,7.86,10.74,9.3,930.0000000000001,352,1174,0.30967741935483867,0.34326828613281246,8.443951606375606,-0.09204821436821453,0.711413304151525,0.029485023372342926,-2.4212632284699964,0.26035088478172,0.1152320292451402,0.7057873183862903,1.0,11.582510634194433,716.8525301654445,17.85258319195907,0.9196326012859213,-95.0,bearish,0.75,51.18478819514809,False,False,False,0.008890239706229486
QQQ260723P00550000,2026-07-23,0.8354492449652778,put,550.0,705.27001953125,0.0,0.05,0.01,1.0,7,129,5.0,1.140629296875,1.769389319978285e-05,-0.9982306106800217,-2.2625255635432734e-06,2.813963030090336e-07,-0.0002492797885138966,0.024927978851389657,3.654272766936849e-06,2.933730054173788e-06,5.867460108347576e-06,38.48695464869382,666.7830648825562,0.0,-1.0,-95.0,bearish,0.5875,50.87577888608719,False,True,False,0.22015684097056687
QQQ260723C00700000,2026-07-23,0.8354492449652778,call,700.0,705.27001953125,7.06,10.49,8.775,877.5,2127,935,0.39088319088319096,0.36206692626953124,7.981260879947968,-0.09045460057573018,0.6725333685688445,0.029550902605427743,-2.6905858505846667,0.3066194701520988,0.1218141271161584,0.6662634235728653,1.0,12.216811727793555,717.4868312590436,17.48688436514044,0.9928073350587396,-95.0,bearish,0.75,50.419456003661246,False,False,False,0.007472343053448793
QQQ260723C00665000,2026-07-23,0.8354492449652778,call,665.0,705.27001953125,40.0,44.5,42.25,4225.0,151,19,0.10650887573964497,0.6645541357421877,40.60273753128183,-0.038988460798063174,0.9691071064691773,0.003108106123963153,-1.0051826012212695,0.02379130417091762,0.023516043561163685,0.9668355951132213,1.0,22.423292961161252,727.6933124924112,62.69336250483923,0.48386656816187523,-95.0,bearish,0.46186390532544375,50.10352075480996,False,False,False,0.05709872590077636
QQQ260723P00525000,2026-07-23,0.8354492449652778,put,525.0,705.27001953125,0.0,0.01,0.01,1.0,2,9476,1.0,1.1875040625,6.298030935034522e-07,-0.9999370196906496,-8.675163657781768e-08,1.1702425469695252e-08,-1.1237560132052829e-05,0.0011237560132052828,1.5821550426865814e-07,1.1775142590533395e-07,2.355028518106679e-07,40.06859645267006,665.20142307858,0.0,-1.0,-95.0,bearish,0.525,49.86376479489646,False,True,False,0.2556042572900865
QQQ260723P00560000,2026-07-23,0.8354492449652778,put,560.0,705.27001953125,0.0,0.05,0.01,1.0,3,115,5.0,1.0703171484375003,2.168879964150553e-05,-0.9978311200358494,-2.9272597919626905e-06,3.83769037064748e-07,-0.00029933043234475835,0.029933043234475834,4.676494931195803e-06,3.7257361801556246e-06,7.451472360311249e-06,36.114491942729465,669.1555275885205,0.0,-1.0,-95.0,bearish,0.5375,49.82574408237884,False,True,False,0.20597787444275895
QQQ260723C00701000,2026-07-23,0.8354492449652778,call,701.0,705.27001953125,6.33,9.96,8.145,814.5,440,1288,0.44567219152854526,0.36536279174804687,7.371764725575929,-0.09493373534979388,0.6410915136059674,0.03031450971871437,-2.805961011307674,0.34450104497331785,0.12609937023865614,0.6345458967443542,1.0,12.328020361086908,717.5980398923369,16.598093082992364,1.0378260384275464,-95.0,bearish,0.75,49.70641440800422,True,False,False,0.00605444640066799
QQQ260723P00555000,2026-07-23,0.8354492449652778,put,555.0,705.27001953125,0.0,0.01,0.01,1.0,1,386,1.0,0.9687503125,6.080385243374659e-07,-0.9999391961475662,-1.0231803112455994e-07,1.6826045131583957e-08,-1.0751557919395317e-05,0.0010751557919395317,1.8558033610094793e-07,1.3113040368061754e-07,2.622608073612351e-07,32.68743793031067,672.5825816009393,0.0,-1.0,-95.0,bearish,0.5125,49.61425106468867,False,True,False,0.21306735770666296
QQQ260723C00660000,2026-07-23,0.8354492449652778,call,660.0,705.27001953125,45.0,49.43,47.215,4721.5,23,10,0.09382611458223021,0.7214383325195313,45.573944220783346,-0.03475708523174115,0.9739189371701658,0.002486649698774453,-0.9515181579040619,0.020152878489972718,0.020424520772991738,0.9717696083251205,1.0,24.342671595039103,729.6126911262891,69.61274069237606,0.4743776488907352,-95.0,bearish,0.43271735677221224,49.592394842985165,False,False,False,0.06418820916468027
QQQ260723C00693000,2026-07-23,0.8354492449652778,call,693.0,705.27001953125,13.19,17.01,15.100000000000001,1510.0000000000002,6,184,0.25298013245033124,0.46484910156250003,14.22432819944936,-0.05799150997024116,0.7894094374983546,0.018404123413081636,-2.7689964936210294,0.18337725123318074,0.09740139671933776,0.7829413625075956,1.0,15.684873551238105,720.9548930824881,27.954945556278517,0.851320897766789,-95.0,bearish,0.575,49.54219405626537,False,False,False,0.017397619622914307
QQQ260723C00670000,2026-07-23,0.8354492449652778,call,670.0,705.27001953125,35.0,39.49,37.245000000000005,3724.5000000000005,9,41,0.12055309437508394,0.6026651062011721,35.62656772503078,-0.04345367901649144,0.9638139211671438,0.0039040678640143442,-1.0362793836923785,0.02782331544347908,0.026787455162974264,0.9614758861136571,1.0,20.335041958208297,725.6050614894583,55.60511194983394,0.4929550798720348,-95.0,bearish,0.4168086320311451,49.11549107427482,False,False,False,0.05000924263687234
QQQ260723C00600000,2026-07-23,0.8354492449652778,call,600.0,705.27001953125,105.0,109.42,107.21000000000001,10721.0,1,34,0.04122749743494079,1.4248075634765625,105.45458389169653,-0.016373622873831484,0.9919432155073667,0.0004582092177883367,-0.6974834140486926,0.006505768249684661,0.007432896498224337,0.9903240438480392,1.0,48.075658085299786,753.3456776165498,153.34572181988017,0.43033039660367645,-95.0,bearish,0.38096562820632407,48.77127173594827,False,False,False,0.14926200833152747
QQQ260723C00610000,2026-07-23,0.8354492449652778,call,610.0,705.27001953125,95.0,99.4,97.2,9720.0,14,1,0.045267489711934214,1.306399952392578,95.46485928111144,-0.01785124196387411,0.9907176326849068,0.0005659170073004388,-0.7229045379538317,0.007437289485121725,0.008417186570134003,0.9890503673179275,1.0,44.08036498671396,749.3503845179639,139.3504296154657,0.4336463952208407,-95.0,bearish,0.37341563786008225,48.60758984351458,False,False,False,0.13508304180371966
QQQ260723P00590000,2026-07-23,0.8354492449652778,put,590.0,705.27001953125,0.0,0.05,0.01,1.0,658,27,5.0,0.8437515624999999,2.625356249058271e-05,-0.9973746437509418,-4.428859284461875e-06,7.233508839539383e-07,-0.0003505405715443086,0.035054057154430864,6.948669542650597e-06,5.3391859051332845e-06,1.0678371810266569e-05,28.469747541703523,676.8002719895464,0.0,-1.0,-95.0,bearish,0.385,46.7245662121738,False,True,False,0.1634409748593354
QQQ260723P00610000,2026-07-23,0.8354492449652778,put,610.0,705.27001953125,0.0,0.03,0.01,1.0,18,27,3.0,0.6640658593750002,1.0209842081008178e-05,-0.9989790157918992,-2.2528569135158896e-06,4.813599717681559e-07,-0.00014446190440185814,0.014446190440185814,3.6393110655338195e-06,2.6217163875228286e-06,5.243432775045657e-06,22.406817608080754,682.8632019231693,0.0,-1.0,-95.0,bearish,0.36,46.430590529925894,False,True,False,0.13508304180371966
QQQ260723C00590000,2026-07-23,0.8354492449652778,call,590.0,705.27001953125,115.0,119.43,117.215,11721.5,3,4,0.0377937977221346,1.543215174560547,115.44521596789696,-0.015098613932543192,0.9929496115328923,0.00037607497245433803,-0.6727726487545271,0.0057396463656914825,0.006607527348254997,0.9913773206691688,1.0,52.0709511838856,757.3409707151357,167.34101402429474,0.42764163310408,-95.0,bearish,0.26025775284733177,46.36791589403364,False,False,False,0.1634409748593354
QQQ260723C00585000,2026-07-23,0.8354492449652778,call,585.0,705.27001953125,120.0,124.39,122.195,12219.5,1,5,0.03592618355906543,1.5986348193359374,120.43844177592109,-0.014375041729030702,0.9934934032310243,0.000338142215781259,-0.650762955074973,0.005325610336552011,0.006154414094046709,0.9919699804127631,1.0,53.94091310837834,759.2109326396284,174.21097550291654,0.42568006467463104,-95.0,bearish,0.24259227055116822,46.01752268041065,False,False,False,0.1705304581232393
QQQ260723C00560000,2026-07-23,0.8354492449652778,call,560.0,705.27001953125,145.0,149.41,147.20499999999998,14720.499999999998,0,1,0.029958221527801344,1.8984380078125,145.4203941549331,-0.01212326921685336,0.9951313199482629,0.00021998088039631972,-0.5991989321940421,0.004070506655304115,0.004754659357254425,0.9937021525337432,1.0,64.05683047964305,769.326850010893,209.3268906375382,0.42200937901252145,-95.0,bearish,0.21755222309024833,45.53944497267694,False,False,False,0.20597787444275895
QQQ260723P00495000,2026-07-23,0.8354492449652778,put,495.0,705.27001953125,0.0,0.01,0.01,1.0,1,37,1.0,1.40625296875,5.007189129767011e-07,-0.9999499281087023,-5.884578091104419e-08,6.78907715859955e-09,-9.143379100049211e-06,0.0009143379100049211,1.0869567119659086e-07,8.48630515446528e-08,1.697261030893056e-07,47.44959153789252,657.8204279933575,0.0,-1.0,-95.0,bearish,0.1975,43.315858318160984,False,True,False,0.29814115687351017
QQQ260723P00505000,2026-07-23,0.8354492449652778,put,505.0,705.27001953125,0.0,0.05,0.01,1.0,11,12,5.0,1.5000025,1.3708632112131923e-05,-0.9986291367887868,-1.3552093902827736e-06,1.3090111829636772e-07,-0.00020057874849996817,0.020057874849996816,2.2354933974097146e-06,1.9199941568267023e-06,3.8399883136534045e-06,50.612875145845,654.657144385405,0.0,-1.0,-95.0,bearish,0.1975,43.12445965138318,False,True,False,0.28396219034570236
QQQ260723P00515000,2026-07-23,0.8354492449652778,put,515.0,705.27001953125,0.0,0.05,0.01,1.0,5,10,5.0,1.421877890625,1.5446658998708807e-05,-0.9984553341001291,-1.6017875124084677e-06,1.6211564493753304e-07,-0.0002231993829062381,0.022319938290623807,2.6243713107704723e-06,2.223800631654761e-06,4.447601263309522e-06,47.97680547255127,657.2932140586987,0.0,-1.0,-95.0,bearish,0.1125,41.401845093106395,False,True,False,0.26978322381789444
QQQ260723P00545000,2026-07-23,0.8354492449652778,put,545.0,705.27001953125,0.0,0.05,0.01,1.0,1,2,5.0,1.1796916015624999,1.7260968055273157e-05,-0.9982739031944727,-2.138067854132161e-06,2.577223500200321e-07,-0.00024421902623335674,0.024421902623335674,3.461454459717306e-06,2.7987765640311876e-06,5.597553128062375e-06,39.804989485340684,665.4650300459093,0.0,-1.0,-95.0,bearish,0.0225,39.58083694929792,False,True,False,0.22724632423447078
QQQ260723C00748000,2026-07-23,0.8354492449652778,call,748.0,705.27001953125,0.0,0.01,0.01,1.0,24,209,1.0,0.28125718749999995,1.304779934181103e-05,-0.9986952200658189,6.565560443920451e-06,3.16019729324068e-06,-0.00017084301804608273,0.017084301804608272,1.0119425984473015e-05,6.173690865310812e-06,1.2347381730621624e-05,9.490140792971355,714.7601603242214,0.0,-1.0,-95.0,bearish,0.75,30.454280455771226,False,True,False,0.060586696280028995
QQQ260723C00737000,2026-07-23,0.8354492449652778,call,737.0,705.27001953125,0.0,0.02,0.02,2.0,52,292,1.0,0.2304764453125,6.13144304190405e-05,-0.996934278479048,3.4865854889632384e-05,1.8847523910120495e-05,-0.000684861562764729,0.034243078138236446,4.945599022678273e-05,3.3285012634404865e-05,6.657002526880973e-05,7.776704072599703,713.0467236038497,0.0,-1.0,-95.0,bearish,0.75,30.283234918870328,False,True,False,0.04498983309944049
QQQ260723C00733000,2026-07-23,0.8354492449652778,call,733.0,705.27001953125,0.0,0.02,0.02,2.0,269,162,1.0,0.20508607421874997,7.129531461795569e-05,-0.9964352342691022,4.497337605627222e-05,2.694380023244145e-05,-0.0007756483164711674,0.03878241582355837,6.291193941368518e-05,4.3179179168717834e-05,8.635835833743567e-05,6.919985712413875,712.1900052436639,0.0,-1.0,-95.0,bearish,0.75,30.23803942534779,False,True,False,0.03931824648831728
QQQ260723C00731000,2026-07-23,0.8354492449652778,call,731.0,705.27001953125,0.01,0.02,0.015,1.5,935,367,0.6666666666666667,0.1914143359375,7.195652997902396e-05,-0.9952028980013984,4.844253143999265e-05,3.096690080144173e-05,-0.0007768334244237186,0.05178889496158124,6.748546672968059e-05,4.664380349666618e-05,9.328760699333236e-05,6.458675826159969,711.72869535741,0.0,-1.0,-95.0,bearish,0.75,30.108043926454126,False,True,False,0.03648245318275567
QQQ260723C00734000,2026-07-23,0.8354492449652778,call,734.0,705.27001953125,0.0,0.02,0.01,1.0,492,289,2.0,0.21094539062499998,6.544746407056642e-05,-0.9934552535929434,4.035929929715708e-05,2.364839360025869e-05,-0.0007201287216970272,0.07201287216970272,5.679495202099704e-05,3.8694389072018675e-05,7.738877814403735e-05,7.1176899493798365,712.3877094806298,0.0,-1.0,-95.0,bearish,0.75,29.905645166084415,False,True,False,0.04073614314109797
QQQ260723C00736000,2026-07-23,0.8354492449652778,call,736.0,705.27001953125,0.0,0.02,0.01,1.0,270,109,2.0,0.22461712890624996,6.592627362598039e-05,-0.993407372637402,3.828606686077768e-05,2.112887565386743e-05,-0.0007293079799319717,0.07293079799319717,5.403277976888228e-05,3.660171661009771e-05,7.320343322019542e-05,7.578999835633741,712.8490193668838,0.0,-1.0,-95.0,bearish,0.75,29.896424054400235,False,True,False,0.043571936446659576
QQQ260723C00730000,2026-07-23,0.8354492449652778,call,730.0,705.27001953125,0.0,0.02,0.01,1.0,1527,2106,2.0,0.18555501953124998,7.970537941293099e-05,-0.9920294620587069,5.499169386110207e-05,3.600600466478813e-05,-0.0008489518304795415,0.08489518304795415,7.606514411092737e-05,5.302503341631721e-05,0.00010605006683263441,6.260971589194008,711.530991120444,0.0,-1.0,-95.0,bearish,0.75,29.777108670188788,False,True,False,0.03506455652997498
QQQ260723C00726000,2026-07-23,0.8354492449652778,call,726.0,705.27001953125,0.04,0.05,0.045,4.5,4109,415,0.22222222222222227,0.179695703125,0.000624693013333677,-0.9861179330370294,0.00039723058517396234,0.0002368100073804781,-0.005240933177854936,0.1164651817301097,0.00048447993542371495,0.0003850673867800749,0.0007701347735601498,6.063267352228049,711.3332868834781,0.0,-1.0,-95.0,bearish,0.75,29.46804953043451,False,True,False,0.029392969918851763
QQQ260723C00729000,2026-07-23,0.8354492449652778,call,729.0,705.27001953125,0.01,0.04,0.025,2.5,2516,367,1.2,0.195320546875,0.00034538528032779237,-0.9861845887868883,0.0002102043577627702,0.00012046141548742574,-0.003147555511550131,0.12590222046200522,0.00026787608647654506,0.00020290902792547826,0.0004058180558509565,6.590478650803943,711.8604981820539,0.0,-1.0,-95.0,bearish,0.75,29.370035975938457,False,True,False,0.03364665987719406
QQQ260723C00728000,2026-07-23,0.8354492449652778,call,728.0,705.27001953125,0.02,0.05,0.035,3.5000000000000004,3162,713,0.8571428571428571,0.194343994140625,0.0005734913430219812,-0.9836145330565148,0.0003405639733520174,0.0001897926839279028,-0.004910634324457071,0.14030383784163059,0.0004199413531334784,0.0003291768553057672,0.0006583537106115344,6.55752794464295,711.827547475893,0.0,-1.0,-95.0,bearish,0.75,29.228545158689812,False,True,False,0.03222876322441337
QQQ260723C00747000,2026-07-23,0.8354492449652778,call,747.0,705.27001953125,0.0,0.05,0.02,2.0,87,1942,2.5,0.32520206054687495,0.00030657340644789366,-0.9846713296776053,0.00011612604460326397,4.1511966921460443e-05,-0.003000292006475312,0.1500146003237656,0.00015369673866780448,0.00010923969071683255,0.0002184793814336651,10.972922570216054,716.242942101466,0.0,-1.0,-95.0,bearish,0.75,29.12703879057668,False,True,False,0.0591687996272483
QQQ260723C00727000,2026-07-23,0.8354492449652778,call,727.0,705.27001953125,0.01,0.05,0.030000000000000002,3.0000000000000004,4972,556,1.3333333333333333,0.186531572265625,0.0005753132210438439,-0.9808228926318718,0.0003549902752476463,0.0002055149829333331,-0.004899690402200176,0.16332301340667252,0.0004364493912284296,0.00034362367928987276,0.0006872473585797455,6.293922295355004,711.5639418266051,0.0,-1.0,-95.0,bearish,0.75,28.998642339519076,False,True,False,0.030810866571632456
QQQ260723C00725000,2026-07-23,0.8354492449652778,call,725.0,705.27001953125,0.04,0.08,0.06,6.0,8436,4034,0.6666666666666667,0.18457846679687498,0.00160350927116637,-0.9732748454805605,0.0009365288331049764,0.0005090439349464084,-0.011889134403008714,0.19815224005014523,0.001069730438165287,0.0009089242344222701,0.0018178484688445402,6.2280208830330155,711.498040414283,0.0,-1.0,-95.0,bearish,0.75,28.661656084186994,False,True,False,0.02797507326607085
QQQ260723C00723000,2026-07-23,0.8354492449652778,call,723.0,705.27001953125,0.07,0.1,0.085,8.5,3363,2580,0.3529411764705882,0.174812939453125,0.002647571358248779,-0.9688521016676614,0.001570696062906644,0.0008627582524122506,-0.018085949898653326,0.21277588116062734,0.0017171204062215047,0.0015286737278021772,0.0030573474556043543,5.898513821423084,711.1685333526731,0.0,-1.0,-95.0,bearish,0.75,28.527814662949773,False,True,False,0.025139279960509464
QQQ260723C00724000,2026-07-23,0.8354492449652778,call,724.0,705.27001953125,0.04,0.09,0.065,6.5,6355,3612,0.7692307692307692,0.179695703125,0.002050360344536095,-0.9684559946994447,0.0012073167982260507,0.0006599955509840971,-0.01461432313217128,0.22483574049494276,0.0013502579787811545,0.0011733722074994694,0.002346744414998939,6.063267352228049,711.3332868834781,0.0,-1.0,-95.0,bearish,0.75,28.400110039200566,False,True,False,0.026557176613290157
QQQ260723C00740000,2026-07-23,0.8354492449652778,call,740.0,705.27001953125,0.0,0.04,0.01,1.0,26,932,4.0,0.270515107421875,0.00023526713942462196,-0.9764732860575378,0.00010752530639947923,4.6426295108682824e-05,-0.0023231966757291237,0.23231966757291236,0.0001429860285073613,0.00010217147967421682,0.00020434295934843364,9.127683025200431,714.3977025564504,0.0,-1.0,-95.0,bearish,0.75,28.303846753864363,False,True,False,0.04924352305778279
QQQ260723C00759000,2026-07-23,0.8354492449652778,call,759.0,705.27001953125,0.0,0.05,0.01,1.0,20,620,5.0,0.4023497265625,0.0002303034463789072,-0.9769696553621092,7.240068120527201e-05,2.1519308891095284e-05,-0.0023792559460984624,0.23792559460984625,9.857574815361017e-05,6.697887005124135e-05,0.0001339577401024827,13.576028356934533,718.8460478881846,0.0,-1.0,-95.0,bearish,0.75,28.247083631302566,False,True,False,0.07618355946061772
QQQ260723C00722000,2026-07-23,0.8354492449652778,call,722.0,705.27001953125,0.1,0.14,0.12000000000000001,12.000000000000002,4731,711,0.33333333333333337,0.176766044921875,0.0052249307547689305,-0.9564589103769255,0.0029152642401526823,0.00149485735382647,-0.032050923086237304,0.2670910257186442,0.0030084074047359243,0.0028407683985507254,0.005681536797101451,5.964415233745069,711.2344347649951,0.0,-1.0,-95.0,bearish,0.75,28.010905110784574,False,True,False,0.02372138330772855
QQQ260723C00721000,2026-07-23,0.8354492449652778,call,721.0,705.27001953125,0.13,0.17,0.15000000000000002,15.000000000000002,4511,2801,0.26666666666666666,0.174812939453125,0.008020604999559477,-0.9465293000029368,0.0043664008843146,0.0021722838261163373,-0.04556910561915199,0.30379403746101324,0.0043234276525319785,0.004260454107614088,0.008520908215228176,5.898513821423084,711.1685333526731,0.0,-1.0,-95.0,bearish,0.75,27.672268707542152,False,True,False,0.022303486654947857
QQQ260723C00760000,2026-07-23,0.8354492449652778,call,760.0,705.27001953125,0.0,0.05,0.02,2.0,10,1580,2.5,0.4101621484375,0.00024045443099651037,-0.9879772784501745,7.406882123105862e-05,2.1567090999281202e-05,-0.002477935612473562,0.1238967806236781,0.00010071292327780777,6.842555351651349e-05,0.00013685110703302698,13.839634006222477,719.1096535374725,0.0,-1.0,-95.0,bearish,0.625,26.887400704833546,False,True,False,0.07760145611339841
QQQ260723C00746000,2026-07-23,0.8354492449652778,call,746.0,705.27001953125,0.0,0.05,0.02,2.0,10,182,2.5,0.31836619140624994,0.0003109959467657297,-0.9844502026617135,0.00012009626925345125,4.3762190669024025e-05,-0.003031567211062208,0.1515783605531104,0.00015862222880786502,0.00011313404130158608,0.00022626808260317217,10.742267627089102,716.0122871583391,0.0,-1.0,-95.0,bearish,0.625,26.61147907529493,False,True,False,0.05775090297446739
QQQ260723C00719000,2026-07-23,0.8354492449652778,call,719.0,705.27001953125,0.24,0.33,0.28500000000000003,28.500000000000004,4688,1221,0.31578947368421056,0.18140467041015623,0.029267591593187703,-0.8973066961642537,0.013668196751165245,0.005710928930699602,-0.12910636843646275,0.45300480153144823,0.011794873070752889,0.013367860551338616,0.026735721102677232,6.120931088009788,711.3909506192598,0.0,-1.0,-95.0,bearish,0.75,26.362309195712292,False,True,False,0.01946769334938625
QQQ260723C00775000,2026-07-23,0.8354492449652778,call,775.0,705.27001953125,0.0,0.05,0.02,2.0,7,99,2.5,0.5019581054687501,0.00017859941046439315,-0.9910700294767804,4.611526774474628e-05,1.1272311478043007e-05,-0.0019387870230919576,0.09693935115459788,6.441967123723727e-05,4.1739933045514624e-05,8.347986609102925e-05,16.937000385355855,722.2070199166059,0.0,-1.0,-95.0,bearish,0.5825,26.306441287114936,False,True,False,0.09886990590511036
QQQ260723C00785000,2026-07-23,0.8354492449652778,call,785.0,705.27001953125,0.0,0.05,0.02,2.0,3,123,2.5,0.523442265625,3.833119463247936e-05,-0.998083440268376,1.0192689515902443e-05,2.5823185207077004e-06,-0.000482881109914844,0.0241440554957422,1.5389221443370867e-05,9.109558801275841e-06,1.8219117602551683e-05,17.661915920897705,722.9319354521477,0.0,-1.0,-95.0,bearish,0.5375,26.133741636218605,False,True,False,0.11304887243291817
QQQ260723C00750000,2026-07-23,0.8354492449652778,call,750.0,705.27001953125,0.0,0.01,0.01,1.0,2,351,1.0,0.2890696093749999,9.360704770319285e-06,-0.9990639295229681,4.6499837510933434e-06,2.2119681761948573e-06,-0.00012630057465018598,0.012630057465018597,7.279798556715259e-06,4.360627025611739e-06,8.721254051223479e-06,9.7537464422593,715.0237659735093,0.0,-1.0,-95.0,bearish,0.525,25.998786637890326,False,True,False,0.0634224895855906
QQQ260723C00743000,2026-07-23,0.8354492449652778,call,743.0,705.27001953125,0.0,0.01,0.01,1.0,2,181,1.0,0.2500075,1.2425608026562195e-05,-0.9987574391973438,7.012195399957455e-06,3.7855525271698746e-06,-0.00016176208046285348,0.016176208046285348,1.0775076590649964e-05,6.640072292733823e-06,1.3280144585467646e-05,8.43571819581957,713.7057377270696,0.0,-1.0,-95.0,bearish,0.525,25.963370720983004,False,True,False,0.05349721301612509
QQQ260723C00754000,2026-07-23,0.8354492449652778,call,754.0,705.27001953125,0.0,0.05,0.04,4.0,12,80,1.25,0.3711000390625,0.00026329468498027114,-0.9934176328754932,8.874090270305894e-05,2.8255869481218757e-05,-0.002658247125689767,0.06645617814224418,0.00011938169141491232,8.266501741973502e-05,0.00016533003483947003,12.521605759782746,717.7916252910328,0.0,-1.0,-95.0,bearish,0.55,25.962091518925956,False,True,False,0.06909407619671382
QQQ260723C00765000,2026-07-23,0.8354492449652778,call,765.0,705.27001953125,0.0,0.05,0.01,1.0,10,221,5.0,0.4414118359375,0.0002177155250324414,-0.9782284474967559,6.287670586875182e-05,1.7174319621167195e-05,-0.0022849411853143645,0.22849411853143645,8.631008950244574e-05,5.768873912066513e-05,0.00011537747824133026,14.894056603374265,720.1640761346242,0.0,-1.0,-95.0,bearish,0.625,25.84121258946805,False,True,False,0.08469093937730254
QQQ260723C00745000,2026-07-23,0.8354492449652778,call,745.0,705.27001953125,0.0,0.02,0.01,1.0,3,892,2.0,0.28125718749999995,5.1914245936583725e-05,-0.9948085754063416,2.46152599292253e-05,1.110684365197747e-05,-0.0006005639142114981,0.06005639142114981,3.5565780180149017e-05,2.323526641840041e-05,4.647053283680082e-05,9.490140792971355,714.7601603242214,0.0,-1.0,-95.0,bearish,0.5375,25.774900791116874,False,True,False,0.056333006321686696
QQQ260723C00757000,2026-07-23,0.8354492449652778,call,757.0,705.27001953125,0.0,0.05,0.03,3.0,22,60,1.6666666666666667,0.39063109375,0.0002503224606103735,-0.9916559179796542,8.058413759630342e-05,2.4515662232462882e-05,-0.0025551704668372935,0.08517234889457645,0.00010903062224995217,7.475440190837082e-05,0.00014950880381674165,13.180619883002612,718.4506394142526,0.0,-1.0,-95.0,bearish,0.55,25.774771599092404,False,True,False,0.07334776615505612
QQQ260723C00780000,2026-07-23,0.8354492449652778,call,780.0,705.27001953125,0.0,0.05,0.08,8.0,1,150,0.625,0.53320779296875,0.0001727054213601642,-0.997841182232998,4.218233506132644e-05,9.75459630330355e-06,-0.0018929276579306286,0.02366159572413286,5.921665079081163e-05,3.792343266717652e-05,7.584686533435303e-05,17.99142298250764,723.2614425137576,0.0,-1.0,-95.0,bearish,0.5125,25.639142511412018,False,True,False,0.10595938916901426
QQQ260723C00735000,2026-07-23,0.8354492449652778,call,735.0,705.27001953125,0.0,0.06,0.01,1.0,281,2076,6.0,0.2500075,0.0006273999428257904,-0.937260005717421,0.0002925731903070021,0.00012809513872899764,-0.00547793696045117,0.547793696045117,0.0003646059381790595,0.0002799141355502088,0.0005598282711004176,8.43571819581957,713.7057377270696,0.0,-1.0,-95.0,bearish,0.75,25.152661322259835,False,True,False,0.042154039793878884
QQQ260723C00755000,2026-07-23,0.8354492449652778,call,755.0,705.27001953125,0.0,0.05,0.01,1.0,7,326,5.0,0.37695935546875,0.00025113640237799106,-0.9748863597622008,8.360107061535356e-05,2.6298689218640104e-05,-0.0025527397619337848,0.2552739761933785,0.00011286692184777308,7.776985403886475e-05,0.0001555397080777295,12.719309996748704,717.9893295279987,0.0,-1.0,-95.0,bearish,0.5875,24.823815635146996,False,True,False,0.07051197284949451
QQQ260723C00732000,2026-07-23,0.8354492449652778,call,732.0,705.27001953125,0.0,0.06,0.01,1.0,522,205,6.0,0.22852333984375,0.0006964686396731534,-0.9303531360326847,0.0003511917186284007,0.00016608244930996994,-0.0059368586176031185,0.5936858617603118,0.00043210804834299606,0.00033745076897637757,0.0006749015379527551,7.710802660277716,712.9808221915277,0.0,-1.0,-95.0,bearish,0.75,24.69489039777641,False,True,False,0.03790034983553636
QQQ260723C00751000,2026-07-23,0.8354492449652778,call,751.0,705.27001953125,0.0,0.05,0.01,1.0,4,200,5.0,0.35156898437499995,0.00028029538719753777,-0.9719704612802462,9.910103131484884e-05,3.3087490854148685e-05,-0.0027942140120844512,0.2794214012084451,0.0001324379471891066,9.270287805783405e-05,0.0001854057561156681,11.862591636562875,717.1326111678129,0.0,-1.0,-95.0,bearish,0.55,23.832640045476705,False,True,False,0.06484038623837152
QQQ260723C00761000,2026-07-23,0.8354492449652778,call,761.0,705.27001953125,0.0,0.05,0.07,7.000000000000001,26,31,0.7142857142857143,0.41602146484374997,0.00023140744543773129,-0.9966941793508896,7.046800402458328e-05,2.0288496031368523e-05,-0.0023980136301277924,0.03425733757325417,9.60956314864151e-05,6.501006383705713e-05,0.00013002012767411426,14.037338243188438,719.3073577744384,0.0,-1.0,-95.0,bearish,0.405,23.383726825544198,False,True,False,0.07901935276617933
QQQ260723C00739000,2026-07-23,0.8354492449652778,call,739.0,705.27001953125,0.0,0.05,0.01,1.0,5,491,5.0,0.27149166015625,0.0003824410610785284,-0.9617558938921471,0.00016971875610348957,7.095665358883204e-05,-0.0035767126224423187,0.35767126224423185,0.00021932476387082528,0.00016147144726747805,0.0003229428945349561,9.160633731361424,714.4306532626114,0.0,-1.0,-95.0,bearish,0.5625,23.30151680650303,False,True,False,0.047825626405001875
QQQ260723C00738000,2026-07-23,0.8354492449652778,call,738.0,705.27001953125,0.0,0.05,0.01,1.0,42,63,5.0,0.264655791015625,0.00039466670332041764,-0.9605333296679582,0.00017909263983437946,7.654326520372869e-05,-0.0036668615241506482,0.3666861524150648,0.00023063564972984428,0.00017063275443812497,0.00034126550887624994,8.92997878823447,714.1999983194845,0.0,-1.0,-95.0,bearish,0.565,23.261551130938113,False,True,False,0.04640772975222118
QQQ260723C00758000,2026-07-23,0.8354492449652778,call,758.0,705.27001953125,0.0,0.05,0.02,2.0,1,84,2.5,0.39649041015625003,0.00023990117388438675,-0.9880049413057806,7.631417579340911e-05,2.294693486645389e-05,-0.002463847029603423,0.12319235148017114,0.00010358465462713314,7.069619836530572e-05,0.00014139239673061145,13.378324119968573,718.6483436512186,0.0,-1.0,-95.0,bearish,0.4325,23.044490409165597,False,True,False,0.07476566280783703
QQQ260723C00769000,2026-07-23,0.8354492449652778,call,769.0,705.27001953125,0.0,0.05,0.01,1.0,42,43,5.0,0.46484910156250003,0.00019295251481642878,-0.9807047485183571,5.3378704145446584e-05,1.397452193625061e-05,-0.0020616449233909623,0.20616449233909623,7.395831491264278e-05,4.870910939701521e-05,9.741821879403041e-05,15.684873551238105,720.9548930824881,0.0,-1.0,-95.0,bearish,0.46499999999999997,22.864329258796978,False,True,False,0.09036252598842553
QQQ260723C00744000,2026-07-23,0.8354492449652778,call,744.0,705.27001953125,0.0,0.05,0.01,1.0,1,356,5.0,0.304694453125,0.0003215620682159026,-0.9678437931784097,0.00012919835501852293,4.8968824283541606e-05,-0.0031076275530575875,0.31076275530575875,0.00016987218653111431,0.00012205311430836736,0.0002441062286167347,10.280957740835197,715.5509772720852,0.0,-1.0,-95.0,bearish,0.5125,22.769813509228577,False,True,False,0.054915109668906004
QQQ260723C00753000,2026-07-23,0.8354492449652778,call,753.0,705.27001953125,0.0,0.05,0.05,5.0,7,59,1.0,0.36524072265625,0.00027659315562623965,-0.9944681368874753,9.439570672196454e-05,3.042582426080267e-05,-0.0027728576428903353,0.0554571528578067,0.0001265201207430103,8.805404759529104e-05,0.00017610809519058208,12.323901522816785,717.5939210540668,0.0,-1.0,-95.0,bearish,0.38249999999999995,22.72218955237384,False,True,False,0.0676761795439329
QQQ260723C00741000,2026-07-23,0.8354492449652778,call,741.0,705.27001953125,0.0,0.05,0.01,1.0,1,131,5.0,0.28516339843749994,0.00036184437698168204,-0.9638155623018319,0.00015377645292686894,6.159694430586199e-05,-0.003424828403355968,0.3424828403355968,0.00019998204351574482,0.0001458882749035937,0.0002917765498071874,9.62194361761533,714.8919631488653,0.0,-1.0,-95.0,bearish,0.5125,22.453089362142105,False,True,False,0.05066141971056348
QQQ260723C00718000,2026-07-23,0.8354492449652778,call,718.0,705.27001953125,0.31,0.42,0.365,36.5,10497,604,0.3013698630136986,0.1821370849609375,0.0469573336099085,-0.8713497709317575,0.020772393688174365,0.00813555994492504,-0.18549567028183284,0.5082073158406379,0.016870341845890143,0.020340798583778543,0.040681597167557086,6.145644117630533,711.4156636488806,5.348480127703442e-297,-1.0,-95.0,bearish,0.75,22.199742813269193,False,False,False,0.018049796696605336
QQQ260723C00763000,2026-07-23,0.8354492449652778,call,763.0,705.27001953125,0.0,0.05,0.21,21.0,2,60,0.2380952380952381,0.42774009765625004,0.00021528107360166415,-0.9989748520304683,6.408769277885746e-05,1.8044806559634218e-05,-0.002254500066095244,0.010735714600453543,8.787599326250884e-05,5.8962622366678e-05,0.000117925244733356,14.432746717120361,719.7027662483704,0.0,-1.0,-95.0,bearish,0.325,22.018822106442798,False,True,False,0.08185514607174094
QQQ260723C00716000,2026-07-23,0.8354492449652778,call,716.0,705.27001953125,0.61,0.78,0.6950000000000001,69.5,5225,960,0.24460431654676262,0.19385571777343752,0.14672300040291475,-0.7888877692044393,0.053312650646280525,0.016592423804096104,-0.4289714412175851,0.6172250952771009,0.036620687968822584,0.052314174652789404,0.10462834930557881,6.541052591562454,711.8110721228124,4.3234615661406e-109,-1.0,-95.0,bearish,0.75,21.749032540284784,False,False,False,0.015214003391043951
QQQ260723C00756000,2026-07-23,0.8354492449652778,call,756.0,705.27001953125,0.0,0.05,0.05,5.0,5,43,1.0,0.38477177734374995,0.0002616576435337248,-0.9947668471293255,8.525242421678464e-05,2.6243169517830975e-05,-0.002653902791653483,0.053078055833069654,0.000114962856716084,7.91937667023919e-05,0.0001583875334047838,12.98291564603665,718.2529351772866,0.0,-1.0,-95.0,bearish,0.27749999999999997,20.645803317003352,False,True,False,0.07192986950227542
QQQ260723C00767000,2026-07-23,0.8354492449652778,call,767.0,705.27001953125,0.0,0.05,0.01,1.0,20,20,5.0,0.45313046875,0.00020446593409385871,-0.9795534065906142,5.778308988656533e-05,1.5449272429572737e-05,-0.002165877669986353,0.2165877669986353,7.970202371905441e-05,5.287143638073148e-05,0.00010574287276146296,15.289465077306186,720.5594846085562,0.0,-1.0,-95.0,bearish,0.35,20.46017975874126,False,True,False,0.08752673268286393
QQQ260723C00766000,2026-07-23,0.8354492449652778,call,766.0,705.27001953125,0.0,0.05,0.01,1.0,20,20,5.0,0.44727115234375,0.0002108546814095849,-0.9789145318590415,6.0235609695586995e-05,1.6277348504819455e-05,-0.0022234054251049577,0.22234054251049576,8.288817970027241e-05,5.519042971327788e-05,0.00011038085942655576,15.091760840340225,720.3617803715903,0.0,-1.0,-95.0,bearish,0.35,20.40269838348931,False,True,False,0.08610883603008324
QQQ260723C00742000,2026-07-23,0.8354492449652778,call,742.0,705.27001953125,0.0,0.05,0.01,1.0,3,67,5.0,0.2910227148437499,0.0003348643017592884,-0.9665135698240712,0.00014019300991719867,5.534837618062344e-05,-0.003204880505686314,0.3204880505686314,0.00018338753949261283,0.0001328156504651942,0.0002656313009303884,9.819647854581287,715.0896673858313,0.0,-1.0,-95.0,bearish,0.3725,19.87277580732299,False,True,False,0.0520793163633444
QQQ260723C00749000,2026-07-23,0.8354492449652778,call,749.0,705.27001953125,0.0,0.05,0.01,1.0,1,68,5.0,0.33789724609375,0.00028530612078500606,-0.9714693879214994,0.00010462647592166404,3.6226362589981194e-05,-0.002826317639223249,0.2826317639223249,0.0001393629830370392,9.81471054796938e-05,0.0001962942109593876,11.401281750308971,716.671301281559,0.0,-1.0,-95.0,bearish,0.35250000000000004,19.850645302886345,False,True,False,0.06200459293280991
QQQ260723C00752000,2026-07-23,0.8354492449652778,call,752.0,705.27001953125,0.0,0.05,0.01,1.0,5,47,5.0,0.35742830078125,0.0002658983420907035,-0.9734101657909296,9.280698528731868e-05,3.05987430446567e-05,-0.0026707429480308897,0.267074294803089,0.00012451755229895057,8.669521375183063e-05,0.00017339042750366126,12.060295873528837,717.3303154047788,0.0,-1.0,-95.0,bearish,0.2975,18.905990956244146,False,True,False,0.06625828289115221
QQQ260723C00762000,2026-07-23,0.8354492449652778,call,762.0,705.27001953125,0.0,0.05,0.03,3.0,12,8,1.6666666666666667,0.42188078125,0.00022303687212442413,-0.9925654375958526,6.715012663816136e-05,1.9118123880450713e-05,-0.002323692634214337,0.0774564211404779,9.18275642777369e-05,6.186455319247618e-05,0.00012372910638495236,14.2350424801544,719.5050620114044,0.0,-1.0,-95.0,bearish,0.19,18.65167307965907,False,True,False,0.08043724941896002
QQQ260723C00774000,2026-07-23,0.8354492449652778,call,774.0,705.27001953125,0.0,0.05,0.02,2.0,1,36,2.5,0.49609878906250005,0.00018271910007454373,-0.9908640449962728,4.765406004843775e-05,1.1764529572287374e-05,-0.001976532539220944,0.0988266269610472,6.644782722923513e-05,4.319083186432788e-05,8.638166372865576e-05,16.739296148389894,722.0093156796399,0.0,-1.0,-95.0,bearish,0.1925,18.48759754702682,False,True,False,0.09745200925232944
QQQ260723C00770000,2026-07-23,0.8354492449652778,call,770.0,705.27001953125,0.0,0.05,0.02,2.0,1,24,2.5,0.4726615234375,0.0002021458764790221,-0.9898927061760489,5.492177137279773e-05,1.4118094751129219e-05,-0.0021533593360448734,0.10766796680224366,7.597389540459605e-05,5.004740515636787e-05,0.00010009481031273574,15.948479200526053,721.2184987317761,0.0,-1.0,-95.0,bearish,0.1325,17.199321280080692,False,True,False,0.09178042264120645
QQQ260723C00768000,2026-07-23,0.8354492449652778,call,768.0,705.27001953125,0.0,0.05,0.07,7.000000000000001,3,3,0.7142857142857143,0.45898978515625005,0.0001985102493447244,-0.9971641392950754,5.550243870125326e-05,1.4683591616421104e-05,-0.002112050369480088,0.030172148135429823,7.673144370573523e-05,5.071576486176039e-05,0.00010143152972352078,15.487169314272148,720.7571888455221,0.0,-1.0,-95.0,bearish,0.0525,16.37429283394294,False,True,False,0.08894462933564484
QQQ260723C00771000,2026-07-23,0.8354492449652778,call,771.0,705.27001953125,0.0,0.05,0.23,23.0,0,6,0.21739130434782608,0.47852083984375,0.00019679991502680183,-0.9991443481955357,5.291867029978515e-05,1.346483122484904e-05,-0.002104894369767849,0.009151714651164562,7.33567061106093e-05,4.8156907691841026e-05,9.631381538368205e-05,16.146183437492013,721.416202968742,0.0,-1.0,-95.0,bearish,0.03,16.134445991642192,False,True,False,0.09319831929398714
QQQ260723C00815000,2026-07-23,0.8354492449652778,call,815.0,705.27001953125,0.0,0.04,0.03,3.0,0,5,1.3333333333333335,0.6718782812500002,1.7262649902295268e-05,-0.9994245783365902,3.7361086661351687e-06,7.720728303837635e-07,-0.00023776686466642867,0.007925562155547622,5.905911354871048e-06,3.212236099209561e-06,6.424472198419122e-06,22.6704232573687,727.9404427886187,0.0,-1.0,-95.0,bearish,0.025,16.045808623166508,False,True,False,0.15558577201634183
QQQ260723C00800000,2026-07-23,0.8354492449652778,call,800.0,705.27001953125,0.0,0.04,0.02,2.0,0,3,2.0,0.5937540625000001,2.0470950127280535e-05,-0.998976452493636,4.952283687982969e-06,1.1436821687180206e-06,-0.00027511051423137966,0.013755525711568982,7.731254967047403e-06,4.340729903750198e-06,8.681459807500396e-06,20.03436676448923,725.3043862957393,0.0,-1.0,-95.0,bearish,0.015,15.787531557482387,False,True,False,0.1343173222246301
QQQ260723C00810000,2026-07-23,0.8354492449652778,call,810.0,705.27001953125,0.0,0.04,0.02,2.0,0,1,2.0,0.648441015625,1.9782062513842933e-05,-0.9990108968743079,4.4054836658428155e-06,9.3647655005654e-07,-0.00026864125688665064,0.013432062844332533,6.913618897129123e-06,3.811841352979533e-06,7.623682705959066e-06,21.879606309504855,727.1496258407549,0.0,-1.0,-95.0,bearish,0.005,15.590755608383736,False,True,False,0.14849628875243792
