Date,Open,High,Low,Close,Adj Close,Volume,Dividends,Stock Splits,Capital Gains,EMA_9,SMA_50,RSI_14,MACD,MACD_SIGNAL,MACD_HIST,BB_MID,BB_UPPER,BB_LOWER,ATR_14,VOL_AVG_20,REL_VOLUME,VWAP,RETURN_1,REALIZED_VOL_20
2025-07-23 00:00:00-04:00,562.3400268554688,563.8499755859375,559.5800170898438,563.8099975585938,561.1076049804688,40215300,0.0,0.0,0.0,563.8099975585938,,,0.0,0.0,0.0,,,,,,,562.413330078125,,
2025-07-24 00:00:00-04:00,565.1300048828125,566.239990234375,563.2899780273438,565.010009765625,562.3018798828125,42275500,0.0,0.0,0.0,564.0500000000001,,,0.09572746950686906,0.019145493901373812,0.07658197560549525,,,,,,,564.8466593424479,0.0021283982409456836,
2025-07-25 00:00:00-04:00,564.9299926757812,567.7000122070312,564.27001953125,566.3699951171875,563.6553955078125,30630800,0.0,0.0,0.0,564.5139990234376,,,0.2781255722991318,0.07094150958092542,0.20718406271820639,,,,,,,566.1133422851562,0.002407011076010157,
2025-07-28 00:00:00-04:00,567.739990234375,569.0399780273438,566.8699951171875,568.1400146484375,565.4168090820312,31498700,0.0,0.0,0.0,565.2392021484376,,,0.5590586858423876,0.16856494483321788,0.3904937410091697,,,,,,,568.0166625976562,0.003125200039743925,
2025-07-29 00:00:00-04:00,570.760009765625,572.1099853515625,566.530029296875,567.260009765625,564.5410766601562,45463300,0.0,0.0,0.0,565.6433636718751,,,0.702592118213488,0.2753703795092719,0.4272217387042161,,,,,,,568.6333414713541,-0.001548922554516885,
2025-07-30 00:00:00-04:00,568.1799926757812,570.6199951171875,565.0499877929688,568.02001953125,565.2974853515625,43433800,0.0,0.0,0.0,566.1186948437501,,,0.8676678984605815,0.39382988329953383,0.4738380151610476,,,,,,,567.8966674804688,0.001339790841133004,
2025-07-31 00:00:00-04:00,574.5399780273438,574.6300048828125,563.8699951171875,565.010009765625,562.3018798828125,64613600,0.0,0.0,0.0,565.8969578281251,,,0.7469980823256037,0.4644635231047478,0.2825345592208559,,,,,,,567.836669921875,-0.005299126196483317,
2025-08-01 00:00:00-04:00,558.8300170898438,559.02001953125,551.6799926757812,553.8800048828125,551.2251586914062,69400800,0.0,0.0,0.0,563.4935672390626,,,-0.24392023244695338,0.3227867719944076,-0.5667070044413609,,,,,,,554.8600056966146,-0.019698774695034893,
2025-08-04 00:00:00-04:00,559.0499877929688,564.3200073242188,558.9500122070312,564.0999755859375,561.3961181640625,47669800,0.0,0.0,0.0,563.6148489084376,,,-0.20223269952725786,0.2177828776900745,-0.4200155772173324,,,,,,,562.4566650390625,0.018451597120367813,
2025-08-05 00:00:00-04:00,565.3900146484375,566.5599975585938,559.72998046875,560.27001953125,557.5845336914062,48666600,0.0,0.0,0.0,562.9458830330001,,,-0.4727904407814094,0.07966821399577773,-0.5524586547771871,,,,,,,562.1866658528646,-0.006789498706695207,
2025-08-06 00:00:00-04:00,561.1099853515625,567.760009765625,560.6300048828125,567.3200073242188,564.600830078125,41823700,0.0,0.0,0.0,563.8207078912438,,,-0.11698576522201165,0.04033741815221985,-0.1573231833742315,,,,,,,565.2366739908854,0.01258319657879814,
2025-08-07 00:00:00-04:00,571.6699829101562,573.3200073242188,565.1099853515625,569.239990234375,566.5115356445312,44463000,0.0,0.0,0.0,564.90456435987,,,0.3162727827098024,0.09552449106373637,0.22074829164606605,,,,,,,569.2233276367188,0.0033843031893268094,
2025-08-08 00:00:00-04:00,570.4500122070312,574.77001953125,570.1500244140625,574.5499877929688,571.796142578125,35255500,0.0,0.0,0.0,566.8336490464898,,,1.075705663596068,0.29156072557020274,0.7841449380258653,,,,,,,573.1566772460938,0.009328222980974132,
2025-08-11 00:00:00-04:00,574.6900024414062,576.7999877929688,571.5700073242188,572.8499755859375,570.1041870117188,33112900,0.0,0.0,0.0,568.0369143543794,,,1.5228306715517874,0.5378147147665198,0.9850159567852677,,,,5.9595216030051565,,,573.739990234375,-0.0029588586600820532,
2025-08-12 00:00:00-04:00,575.1599731445312,580.3499755859375,572.489990234375,580.0499877929688,577.269775390625,42143300,0.0,0.0,0.0,570.4395290420973,,72.00031707677277,2.430148039923438,0.9162813797979035,1.5138666601255344,,,,6.095269013616395,,,577.6299845377604,0.01256875711597405,
2025-08-13 00:00:00-04:00,582.760009765625,583.3200073242188,578.9400024414062,580.3400268554688,577.558349609375,41209300,0.0,0.0,0.0,572.4196286047716,,72.18841581495522,3.1364522504434262,1.3603155539270082,1.776136696516418,,,,5.972750147130403,,,580.8666788736979,0.0005000242541226552,
2025-08-14 00:00:00-04:00,578.280029296875,581.8800048828125,577.9099731445312,579.8900146484375,577.1105346679688,45425000,0.0,0.0,0.0,573.9137058135047,,71.38709766492255,3.618183039886162,1.811889051118839,1.806293988767323,,,,5.829698832212607,,,579.8933308919271,-0.0007754285181217346,
2025-08-15 00:00:00-04:00,579.7999877929688,579.8400268554688,575.5700073242188,577.3400268554688,574.57275390625,49480200,0.0,0.0,0.0,574.5989700218976,,66.85821825140277,3.7509567627752176,2.1997025934501147,1.551254169325103,,,,5.72186372449876,,,577.5833536783854,-0.004397364549404648,
2025-08-18 00:00:00-04:00,576.4400024414062,577.77001953125,575.239990234375,577.1099853515625,574.3438110351562,29831000,0.0,0.0,0.0,575.1011730878306,,66.44866528696124,3.7938849241256776,2.518539059585227,1.2753458645404505,,,,5.493875551097063,,,576.7066650390625,-0.00039845064122645546,
2025-08-19 00:00:00-04:00,576.3900146484375,576.5599975585938,568.25,569.280029296875,566.5513916015625,53752600,0.0,0.0,0.0,573.9369443296396,,54.26419966231638,3.159671064135864,2.6467654604953545,0.5129056036405095,569.4920043945312,583.258762285452,555.7252465036105,5.7343119654160235,44018235.0,1.2211439191053435,571.3633422851562,-0.013567528293445985,
2025-08-20 00:00:00-04:00,568.3300170898438,568.4500122070312,558.8400268554688,565.9000244140625,563.1876220703125,76781100,0.0,0.0,0.0,572.3295603465242,,50.00185081199829,2.3571421966928483,2.5888408077348535,-0.23169861104200518,569.5965057373047,583.220138307363,555.9728731672465,6.07043271370104,45846525.0,1.6747419788086446,564.3966878255209,-0.005937332611135493,0.14053950504594392
2025-08-21 00:00:00-04:00,564.3499755859375,566.489990234375,560.97998046875,563.280029296875,560.5801391601562,46436900,0.0,0.0,0.0,570.5196541365945,,46.92499156010498,1.4925157846848833,2.3695758031248593,-0.8770600184399759,569.5100067138671,583.2703054731451,555.7497079545892,6.03040250312418,46054595.0,1.0083011260874186,563.5833333333334,-0.004629784421550931,0.14136873780962167
2025-08-22 00:00:00-04:00,564.6699829101562,573.989990234375,563.27001953125,571.969970703125,569.2284545898438,51502100,0.0,0.0,0.0,570.8097174499005,,56.48866987304953,1.4913079013060724,2.1939222227611017,-0.7026143214550293,569.790005493164,583.5111779896814,556.0688329966466,6.365371660267096,47098160.0,1.0935055636993039,569.7433268229166,0.015427391269485335,0.1516327298922515
2025-08-25 00:00:00-04:00,570.4000244140625,573.2899780273438,569.1599731445312,570.3200073242188,567.58642578125,34044700,0.0,0.0,0.0,570.7117754247641,,54.48131298101628,1.3417455818081407,2.02348689457051,-0.681741312762369,569.8990051269532,583.6006377825591,556.1973724713472,6.205702604734625,47225460.0,0.7208971601335381,570.9233194986979,-0.0028847028050754675,0.151771905237358
2025-08-26 00:00:00-04:00,569.8300170898438,572.9199829101562,568.7999877929688,572.6099853515625,569.8653564453125,34103000,0.0,0.0,0.0,571.0914174101239,,56.77703597301231,1.391952888293872,1.8971800933151823,-0.5052272050213102,570.16650390625,583.8605003460658,556.4725074664342,6.056723498481259,46657445.0,0.7309230070356403,571.4433186848959,0.004015251083488547,0.15218910697160445
2025-08-27 00:00:00-04:00,571.5900268554688,574.4099731445312,570.3699951171875,573.489990234375,570.7412109375,36927100,0.0,0.0,0.0,571.5711319749742,,57.66074924161797,1.4856262058128777,1.8148693158147216,-0.3292431100018438,570.4400024414062,584.1700412592312,556.7099636235813,5.912670250542865,46332110.0,0.7970088131103893,572.7566528320312,0.0015368311858414696,0.15220490947080004
2025-08-28 00:00:00-04:00,574.1099853515625,578.0,572.4600219726562,577.0800170898438,574.31396484375,46787900,0.0,0.0,0.0,572.6729089979481,,61.150390529861276,1.8284706771735273,1.8175895880864827,0.010881089087044549,571.0435028076172,584.8267575025503,557.260248112684,5.886049377457214,45440825.0,1.0296445982219733,575.8466796875,0.006259964282901542,0.15187064104019285
2025-08-29 00:00:00-04:00,574.6599731445312,575.030029296875,568.5399780273438,570.4000244140625,567.666015625,56030400,0.0,0.0,0.0,572.218332081171,,52.48247109877193,1.5433668366995335,1.762745037809093,-0.21937820110955952,571.8695037841796,583.2015239137905,560.5374836545687,6.075620069245984,44772305.0,1.2514522091279419,571.3233439127604,-0.011575505091075189,0.13933489758657833
2025-09-02 00:00:00-04:00,561.3099975585938,565.969970703125,559.5399780273438,565.6199951171875,562.9088745117188,65876800,0.0,0.0,0.0,570.8986646883743,,47.31418818275478,0.9210937774696504,1.5944147857412045,-0.6733210082715542,571.9455047607422,583.0868571766412,560.8041523448433,6.417364806208325,45682655.0,1.4420527878688312,563.7099812825521,-0.008380135154771873,0.12816104501750636
2025-09-03 00:00:00-04:00,569.22998046875,571.7000122070312,566.72998046875,570.0700073242188,567.3375854492188,54230200,0.0,0.0,0.0,570.7329332155432,,52.048427273431386,0.7780478384347589,1.4311413962799155,-0.6530935578451567,572.4355041503907,582.264514431487,562.6064938692944,6.393268540753713,45960835.0,1.1799219922788609,569.5,0.007867494511238471,0.1281718222922921
2025-09-04 00:00:00-04:00,570.739990234375,575.5999755859375,569.030029296875,575.22998046875,572.4727783203125,47526300,0.0,0.0,0.0,571.6323426661846,,56.886182713811216,1.0687299565504418,1.3586591083340207,-0.2899291517835789,572.8310028076172,582.4389122772928,563.2230933379416,6.405888379918626,46245965.0,1.0276853342772716,573.2866617838541,0.009051472763408563,0.12446081690755273
2025-09-05 00:00:00-04:00,580.489990234375,581.1199951171875,571.530029296875,576.0599975585938,573.298828125,68342500,0.0,0.0,0.0,572.5178736446665,,57.62673756884816,1.3505052875225374,1.3570283441717241,-0.0065230566491867314,573.1720031738281,582.7298798490414,563.6141264986148,6.633322482803903,47439940.0,1.440611012577166,576.2366739908854,0.001442930859006042,0.12410023260069047
2025-09-08 00:00:00-04:00,578.3699951171875,580.8400268554688,577.77001953125,578.8699951171875,576.095458984375,46371400,0.0,0.0,0.0,573.7882979391707,,60.12395536669653,1.780038411476653,1.44163035763271,0.3384080538439429,573.3880035400391,583.2510677708435,563.5249393092347,6.500944398094696,47995735.0,0.9661566803800379,579.1600138346354,0.004877959883524019,0.12092543731122606
2025-09-09 00:00:00-04:00,579.6699829101562,580.9400024414062,577.0399780273438,580.510009765625,577.7275390625,44007600,0.0,0.0,0.0,575.1326403044616,,61.548272955540696,2.2271092536353763,1.5987261368332435,0.6283831168021328,573.7710052490235,584.1044448750246,563.4375656230224,6.315164399235254,48540470.0,0.9066166850053162,579.4966634114584,0.002833131207820694,0.12053742015685748
2025-09-10 00:00:00-04:00,583.739990234375,583.77001953125,578.5499877929688,580.7000122070312,577.9166259765625,49308000,0.0,0.0,0.0,576.2461146849755,,61.71887162206005,2.5671551594429047,1.792411941355176,0.7747432180877287,573.8035064697266,584.2194966921784,563.3875162472748,6.236940637738539,48898705.0,1.008370262566258,581.0066731770834,0.00032730261013580453,0.11207457239907016
2025-09-11 00:00:00-04:00,583.239990234375,584.8800048828125,581.6199951171875,584.0800170898438,581.2803955078125,44745800,0.0,0.0,0.0,577.8128951659492,,64.71775019788332,3.0739475816026243,2.0487190694046657,1.0252285121979585,573.9905059814453,584.9872823908804,562.9937295720101,6.090015783313018,49075530.0,0.9117741571002901,583.5266723632812,0.005820569677562615,0.11391540176026561
2025-09-12 00:00:00-04:00,585.0399780273438,587.8599853515625,584.0999755859375,586.6599731445312,583.8480224609375,50745900,0.0,0.0,0.0,579.5823107616656,,66.8523042616626,3.641784890146255,2.367332233552984,1.274452656593271,574.32900390625,586.3960253761753,562.2619824363247,5.925012388913427,49341575.0,1.0284612925306904,586.2066446940104,0.004417127755101058,0.11472586461610608
2025-09-15 00:00:00-04:00,588.4400024414062,591.7899780273438,588.2899780273438,591.6799926757812,588.8439331054688,44360300,0.0,0.0,0.0,582.0018471444887,,70.58175923551963,4.445627246738582,2.7829912361901035,1.662636010548478,575.0460021972656,589.257081374242,560.8349230202891,5.868226138477647,49085580.0,0.9037338460704752,590.5866495768229,0.00855694910348559,0.11643627466197792
2025-09-16 00:00:00-04:00,592.6099853515625,592.8599853515625,590.489990234375,591.1799926757812,588.3463745117188,36942100,0.0,0.0,0.0,583.8374762507473,,69.74012378679961,4.984869808208373,3.223366950593758,1.761502857614615,575.7495025634765,591.598295728042,559.9007093989111,5.6183524940997795,49441135.0,0.7471936071046913,591.5099894205729,-0.0008450513895844614,0.11653104266772
2025-09-17 00:00:00-04:00,591.0999755859375,591.75,584.3699951171875,590.0,587.172119140625,69384800,0.0,0.0,0.0,585.0699810005979,,67.68876272903111,5.256415193534508,3.6299765991819077,1.6264385943526003,576.7855010986328,593.4928525189509,560.0781496783147,5.74418480757926,50222745.0,1.3815413713447962,588.7066650390625,-0.001995995619608837,0.10355822172791926
2025-09-18 00:00:00-04:00,594.9099731445312,598.1400146484375,592.9600219726562,595.3200073242188,592.466552734375,61069300,0.0,0.0,0.0,587.119986265322,,71.72665060205547,5.833650308260189,4.070711340997564,1.7629389672626257,578.2565002441406,596.0184568146553,560.4945436736259,5.915315510497706,49437155.0,1.2352915534884643,595.4733479817709,0.009016961566472359,0.10231864508747163
2025-09-19 00:00:00-04:00,597.3300170898438,600.0499877929688,595.8499755859375,599.3499755859375,596.4771728515625,58196100,0.0,0.0,0.0,589.5659841294452,,74.34237071308755,6.5408986462791745,4.564748802053886,1.9761498442252883,580.0599975585938,598.6773200017386,561.4426751154489,5.830648721801441,50025115.0,1.1633376554956445,598.4166463216146,0.006769415124870726,0.09966562951309348
2025-09-22 00:00:00-04:00,597.739990234375,602.8699951171875,597.719970703125,602.2000122070312,600.0083618164062,57154800,0.694,0.0,0.0,592.0927897449624,,76.03122924058208,7.247823785198534,5.101363798682816,2.146459986515718,581.571499633789,602.1241754615469,561.0188238060312,5.782032699820088,50307750.0,1.1361032842852243,600.9299926757812,0.00475521270908108,0.08880399137271437
2025-09-23 00:00:00-04:00,602.3699951171875,602.5700073242188,596.97998046875,598.2000122070312,596.02294921875,64635500,0.0,0.0,0.0,593.3142342373762,,69.15148216347976,7.399997910731372,5.561090621092528,1.8389072896388443,582.9654998779297,604.0515570532167,561.8794427026427,5.768317996652136,51837290.0,1.2468919575078095,599.25,-0.006642311389766009,0.0927905424084724
2025-09-24 00:00:00-04:00,599.5800170898438,599.9000244140625,593.3599853515625,596.0999755859375,593.9305419921875,49850300,0.0,0.0,0.0,593.8713825070885,,65.78586576469779,7.267367903574609,5.902346077588945,1.3650218259856643,584.1399993896484,605.4040433369094,562.8759554423875,5.823440929926983,52624655.0,0.9472803194624269,596.4533284505209,-0.0035105927419589733,0.0948807890493338
2025-09-25 00:00:00-04:00,592.2000122070312,595.1199951171875,588.5,593.530029296875,591.3699340820312,70920200,0.0,0.0,0.0,593.8031118650458,,61.82054938208156,6.875626536975915,6.0970021694663386,0.7786243675095763,585.1420013427735,606.1917881983455,564.0922144872014,5.950336262499163,54324310.0,1.3054965631408848,592.3833414713541,-0.004311267227508853,0.09751751485047469
2025-09-26 00:00:00-04:00,594.3499755859375,596.2999877929688,591.0599975585938,595.969970703125,593.801025390625,54337400,0.0,0.0,0.0,594.2364836326617,,64.03691893476028,6.684991144988544,6.21459996457078,0.4703911804177636,586.0864990234375,607.2991152992469,564.873882747628,5.899597260490294,54701785.0,0.9933387000076871,594.4433186848959,0.004110897993047535,0.09648837447436803
2025-09-29 00:00:00-04:00,599.1099853515625,602.0499877929688,597.4099731445312,598.72998046875,596.5509643554688,48332900,0.0,0.0,0.0,595.1351829998794,,66.4121742416641,6.679622415817676,6.30760445482016,0.37201796099751583,587.5029968261719,608.1114332695704,566.8945603827733,5.912484391158398,54316910.0,0.8898315460139393,599.3966471354166,0.004631122206323113,0.08332269007339953
2025-09-30 00:00:00-04:00,598.4299926757812,600.7100219726562,596.0999755859375,600.3699951171875,598.1849975585938,46533800,0.0,0.0,0.0,596.182145423341,,67.77418069261404,6.730122472715152,6.392108058399159,0.33801441431599333,589.2404968261719,607.9480034448186,570.5329902075252,5.819453105126995,53349760.0,0.8722401000491848,599.0599975585938,0.0027391557161602353,0.0728641034460198
2025-10-01 00:00:00-04:00,597.1699829101562,603.7899780273438,596.3400268554688,603.25,601.0545043945312,46899600,0.0,0.0,0.0,597.5957163386728,578.1714013671875,70.06949173092111,6.922735471218516,6.498233540963031,0.4245019302554853,590.8994964599609,608.355538022516,573.4434548974058,5.935917252751853,52983230.0,0.8851781969502426,601.1266682942709,0.004797049996228209,0.07093069615756323
2025-10-02 00:00:00-04:00,607.0599975585938,607.1599731445312,602.9299926757812,605.72998046875,603.5255126953125,43765400,0.0,0.0,0.0,599.2225691646883,579.0098010253906,71.92393493846048,7.1925847185932525,6.6371037764890755,0.5554809421041771,592.4244964599609,609.4624773245138,575.386515595408,5.814064625323149,52795185.0,0.8289657475392879,605.2733154296875,0.004111032687525995,0.06726778856758492
2025-10-03 00:00:00-04:00,606.510009765625,607.3300170898438,601.3900146484375,603.1799926757812,600.9848022460938,46482100,0.0,0.0,0.0,600.0140538669068,579.7732006835937,67.30619959074971,7.118620462042145,6.73340711359969,0.3852133484424547,593.7804962158203,609.671204994866,577.8897874367747,5.823060183614799,51702165.0,0.8990358527539417,603.9666748046875,-0.004209776427106071,0.07141655282434829
2025-10-06 00:00:00-04:00,608.4500122070312,609.3599853515625,605.969970703125,607.7100219726562,605.498291015625,41962100,0.0,0.0,0.0,601.5532474880567,580.6000012207031,70.88267076633117,7.3409172367224755,6.854909138224248,0.48600809849822735,595.2224975585938,610.6672016013974,579.7777935157901,5.848555361626689,51481700.0,0.8150876913544036,607.6799926757812,0.0075102446232993,0.07325820824137547
2025-10-07 00:00:00-04:00,609.02001953125,609.7100219726562,603.030029296875,604.510009765625,602.3099975585938,58209500,0.0,0.0,0.0,602.1445999435704,581.3274011230469,65.43703901908114,7.176152570891418,6.919157824757683,0.25699474613373496,596.4224975585937,610.8009188960455,582.044076221142,5.9079437412091576,52191795.0,1.1152998282584456,605.7500203450521,-0.005265689377054961,0.07816409162542357
2025-10-08 00:00:00-04:00,605.4099731445312,611.75,605.260009765625,611.4400024414062,609.2147216796875,50629800,0.0,0.0,0.0,604.0036804431376,582.2110009765624,70.68882735307272,7.5181038573153955,7.038947031269226,0.4791568260461698,597.9594970703125,611.8503325965229,584.0686615441022,6.0030899192924325,52257885.0,0.968845180014461,609.4833374023438,0.01146381790843809,0.08465585328392981
2025-10-09 00:00:00-04:00,611.47998046875,611.6099853515625,607.47998046875,610.7000122070312,608.4774169921875,45551000,0.0,0.0,0.0,605.3429467959163,583.0646008300781,69.47487417024465,7.641307452115484,7.159419115438478,0.4818883366770059,599.2904968261719,612.6996437975483,585.8813498547954,5.869298130972437,52298145.0,0.8709869155014963,609.9299926757812,-0.0012102417758411699,0.08478244467525976
2025-10-10 00:00:00-04:00,611.4000244140625,613.1799926757812,589.0499877929688,589.5,587.3546142578125,97614800,0.0,0.0,0.0,602.1743574367331,583.5544006347657,45.413119223444845,5.959584993325393,6.919452291015862,-0.9598672976904687,599.4324981689454,612.3549323398257,586.510063998065,7.173634327532442,54641590.0,1.7864560676217511,597.2433268229166,-0.03471428161662504,0.15564933369089431
2025-10-13 00:00:00-04:00,599.6799926757812,602.9500122070312,597.22998046875,602.010009765625,599.8190307617188,65872600,0.0,0.0,0.0,602.1414879025115,584.5170007324218,55.26005671295375,5.572030170809512,6.649967866974592,-1.0779376961650797,599.9489990234375,612.4081585974965,587.4898394493786,7.621947033210929,55717205.0,1.1822667702014127,600.7300008138021,0.021221390611747326,0.17036883496559552
2025-10-14 00:00:00-04:00,595.3099975585938,602.6900024414062,590.1300048828125,598.0,595.8236694335938,69203200,0.0,0.0,0.0,601.3131903220092,585.1950012207031,52.02068044593117,4.885004614363311,6.296975216452336,-1.411970602089025,600.2899993896484,612.1283336164923,588.4516651628045,7.97466492788113,57330260.0,1.2070972641673001,596.9400024414062,-0.006661035033597162,0.17240711176915954
2025-10-15 00:00:00-04:00,604.010009765625,606.7000122070312,595.9299926757812,602.219970703125,600.0282592773438,62805500,0.0,0.0,0.0,601.4945463982324,586.0340002441407,55.00962831096778,4.627702999569465,5.963120773075762,-1.3354177735062969,600.9009979248046,611.7739469632663,590.028048886343,8.174333113836049,57001295.0,1.101825844483007,601.6166585286459,0.007056807195861214,0.17356889584188176
2025-10-16 00:00:00-04:00,605.1099853515625,608.3099975585938,595.5,599.989990234375,597.806396484375,70982000,0.0,0.0,0.0,601.1936351654609,586.6873999023437,53.12619907529408,4.195485879365606,5.609593794333731,-1.4141079149681248,601.1344970703125,611.7146402250535,590.5543539155715,8.505452002747314,57496930.0,1.2345354786768614,601.2666625976562,-0.0037029334416565085,0.1717199438580922
2025-10-17 00:00:00-04:00,597.9500122070312,605.510009765625,596.3699951171875,603.9299926757812,601.7320556640625,72024900,0.0,0.0,0.0,601.740906667525,587.3811999511719,55.99309258584006,4.123344616647046,5.312343958796394,-1.1889993421493479,601.3634979248047,611.9774377851854,590.749558064424,8.550777906010898,58188370.0,1.2377885821513819,601.9366658528646,0.006566780288896457,0.17162246935512904
2025-10-20 00:00:00-04:00,607.1400146484375,612.7999877929688,607.0700073242188,611.5399780273438,609.3143310546875,45761700,0.0,0.0,0.0,603.7007209394887,588.1209997558594,60.95976815051547,4.626898360605878,5.175254839158291,-0.5483564785524129,601.8304962158203,613.3350852120049,590.3259072196357,8.573579135380657,57618715.0,0.794215907105877,610.4699910481771,0.012600774003366899,0.17643289242241278
2025-10-21 00:00:00-04:00,611.6400146484375,612.719970703125,609.3200073242188,611.3800048828125,609.1549682617188,44538200,0.0,0.0,0.0,605.2365777281535,588.8916003417969,60.80441216845495,4.955930947783713,5.131390060883375,-0.1754591130996621,602.4894958496094,614.5816828408186,590.3973088584002,8.204035152775342,56613850.0,0.7867014873568924,611.1399943033854,-0.00026159065683206695,0.17428992228769966
2025-10-22 00:00:00-04:00,610.8200073242188,611.4099731445312,599.739990234375,605.489990234375,603.286376953125,61478800,0.0,0.0,0.0,605.2872602293978,589.400400390625,55.22399726927184,4.687383447859133,5.042588738278527,-0.3552052904193932,602.9589965820312,614.7477480829331,591.1702450811293,8.45160284973112,57195275.0,1.0748929872266546,605.5466512044271,-0.009633966765999258,0.17778114148391505
2025-10-23 00:00:00-04:00,604.9099731445312,611.3699951171875,604.52001953125,610.5800170898438,608.35791015625,42844300,0.0,0.0,0.0,606.3458116014871,590.0052001953125,58.747465901086144,4.829607538122559,4.999992498247334,-0.17038496012477466,603.8114959716797,615.208975825393,592.4140161179664,8.33720090231729,55791480.0,0.7679362511982116,608.8233439127604,0.008406459128248223,0.17862143402530314
2025-10-24 00:00:00-04:00,615.989990234375,618.4199829101562,615.1300048828125,617.0999755859375,614.8541259765625,47632500,0.0,0.0,0.0,608.4966443983772,590.7493994140625,62.786982668199464,5.406109055389038,5.081215809675675,0.32489324571336287,604.8679962158203,617.052273393255,592.6837190383857,8.30168411074552,55456235.0,0.8589205523959569,616.8833211263021,0.010678303111145482,0.18140500070401092
2025-10-27 00:00:00-04:00,624.52001953125,628.5499877929688,624.030029296875,628.0900268554688,625.80419921875,54098600,0.0,0.0,0.0,612.4153208897955,591.7643994140625,68.40339269993808,6.672875199473424,5.399547687635225,1.2733275118381986,606.3359985351562,621.8329008398667,590.8390962304458,8.526564689051643,55744520.0,0.970473869000935,626.8900146484375,0.0178091908998963,0.189956349895803
2025-10-28 00:00:00-04:00,630.3599853515625,634.6799926757812,629.25,632.9199829101562,630.6165161132812,61195700,0.0,0.0,0.0,616.5162532938676,592.8805993652344,70.50992418434774,7.974607274563368,5.914559605020854,2.060047669542514,607.9634979248046,627.0365671503362,588.8904286992731,8.38823619842742,56477615.0,1.0835390269224365,632.2833251953125,0.00768991043985956,0.1908618199206256
2025-10-29 00:00:00-04:00,635.5900268554688,637.010009765625,630.25,635.77001953125,633.4561767578125,67422800,0.0,0.0,0.0,620.3670065413442,594.2103991699219,71.70852623882759,9.13095746528154,6.557839177072992,2.5731182882085477,609.5894989013672,632.0261557203163,587.152842082418,8.271934310370105,57503775.0,1.1724934580381896,634.3433430989584,0.004502996742162146,0.19082207646369204
2025-10-30 00:00:00-04:00,632.1699829101562,633.5,625.9400024414062,626.0499877929688,623.7715454101562,61628600,0.0,0.0,0.0,621.5036027916691,595.4133984375,62.39431513775399,9.157486194382614,7.077768580534917,2.0797176138476967,610.6054992675781,634.067913990673,587.1430845444833,8.383225937475366,58396935.0,1.0553396338352348,628.4966634114584,-0.015288597196589704,0.20106671976581256
2025-10-31 00:00:00-04:00,634.1699829101562,634.2000122070312,626.6900024414062,629.0700073242188,626.780517578125,66305100,0.0,0.0,0.0,623.0168836981791,596.7291979980469,63.9606305306521,9.314825233129909,7.525179911053916,1.7896453220759927,611.9,636.4141175239761,587.3858824760239,8.366568685803019,59388085.0,1.1164714268863865,629.9866739908854,0.004823927146611062,0.2000830496289857
2025-11-03 00:00:00-05:00,635.1099853515625,635.8200073242188,629.8499755859375,632.0800170898438,629.7796020507812,37154300,0.0,0.0,0.0,624.8295103765121,597.9313989257812,65.50286898630688,9.572059444413298,7.934555817725792,1.637503626687506,613.1184997558594,639.0595565218152,587.1774429899035,8.251099493959947,59147695.0,0.6281614186317827,632.5833333333334,0.0047848565828598755,0.19935255435235957
2025-11-04 00:00:00-05:00,623.280029296875,626.9500122070312,618.4600219726562,619.25,616.996337890625,63830800,0.0,0.0,0.0,623.7136083012097,598.9099987792969,54.748383076498406,8.641035774355487,8.07585180905173,0.5651839653037563,613.8554992675781,639.6132862858728,588.0977122492834,8.634592038476201,59428760.0,1.0740725534236286,621.5533447265625,-0.020298090024921778,0.21331481282117443
2025-11-05 00:00:00-05:00,618.489990234375,626.5999755859375,617.2100219726562,623.280029296875,621.0116577148438,48688500,0.0,0.0,0.0,623.6268925003428,599.9233996582032,57.12935878063923,8.13461175141856,8.087603797525096,0.04700795389346446,614.4475006103515,640.4985880730972,588.3964131476059,8.688546436676562,59331695.0,0.8206153557554693,622.3633422851562,0.006507919736576495,0.21089200095934488
2025-11-06 00:00:00-05:00,621.7899780273438,622.0399780273438,610.2999877929688,611.6699829101562,609.4439086914062,72115100,0.0,0.0,0.0,621.2355105823056,600.6869995117188,49.11219681245316,6.718981118536931,7.813879261727464,-1.094898143190533,614.4959991455078,640.522599703559,588.4693985874566,8.99508179862154,60659900.0,1.1888430412842752,614.6699829101562,-0.018627335773642728,0.22212420751187006
2025-11-07 00:00:00-05:00,608.3099975585938,609.9500122070312,598.6699829101562,609.739990234375,607.5209350585938,81835400,0.0,0.0,0.0,618.9364065127195,601.3401989746094,47.90859959875953,5.3793396842391985,7.326971346229811,-1.9476316619906129,615.5079986572266,639.0207886672952,591.995208647158,9.281147384434288,59870930.0,1.3668636849302325,606.1199951171875,-0.0031552842704474227,0.18078343760797305
2025-11-10 00:00:00-05:00,618.9199829101562,624.3099975585938,616.8900146484375,623.22998046875,620.9617919921875,55919900,0.0,0.0,0.0,619.7951213039256,602.3967980957032,56.02144856802926,5.34458462268276,6.930494001520401,-1.5859093788376413,616.5689971923828,639.4564409615567,593.6815534232088,9.658923094418892,59373295.0,0.9418358876663322,621.4766642252604,0.022124168416753687,0.18209663496216474
2025-11-11 00:00:00-05:00,620.5700073242188,622.719970703125,617.52001953125,621.5700073242188,619.307861328125,44868800,0.0,0.0,0.0,620.1500985079842,603.5157983398437,54.88862105415101,5.124028416228043,6.56920088446193,-1.4451724682338867,617.7474975585938,639.0622839510504,596.4327111661371,9.376854368924686,58156575.0,0.7715172360132969,620.6033325195312,-0.0026635001469004216,0.18017695704860998
2025-11-12 00:00:00-05:00,624.8400268554688,624.8599853515625,617.8099975585938,621.0800170898438,618.8197021484375,47444400,0.0,0.0,0.0,620.3360822243562,604.5359985351563,54.53804675057717,4.85374694328641,6.226110096226826,-1.3723631529404159,618.6904998779297,638.809233056108,598.5717666997514,9.210649613499262,57388520.0,0.8267228358563699,621.25,-0.0007883106144138674,0.179404731452521
2025-11-13 00:00:00-05:00,617.5399780273438,618.1199951171875,606.0800170898438,608.4000244140625,606.1858520507812,71333600,0.0,0.0,0.0,617.9488706622975,605.1993994140626,46.29724978235879,3.57516521179366,5.695921119340193,-2.120755907546533,619.1110015869141,637.9602218045902,600.261781369238,9.624174641106459,57406100.0,1.2426135898449817,610.8666788736979,-0.02041603710773876,0.1950852451204559
2025-11-14 00:00:00-05:00,599.5499877929688,613.3499755859375,597.1699829101562,608.8599853515625,606.64404296875,80087300,0.0,0.0,0.0,616.1310936001505,605.8553991699218,46.61238488859101,2.569376805076672,5.07061225648749,-2.5012354514108175,619.3575012207032,637.5226908700331,601.1923115713732,10.092447357868945,57809220.0,1.385372437130271,606.4599812825521,0.0007560172896821094,0.19388114427523567
2025-11-17 00:00:00-05:00,606.2999877929688,612.47998046875,599.8699951171875,603.6599731445312,601.4630126953125,63850400,0.0,0.0,0.0,613.6368695090266,606.3511987304687,43.50424877824832,1.3372695091669584,4.323943707023384,-2.9866741978564253,618.9635009765625,638.105416084286,599.821585868839,10.272271500275627,58713655.0,1.0874880809242755,605.3366495768229,-0.00854057144850584,0.19084769909725185
2025-11-18 00:00:00-05:00,599.6199951171875,602.3099975585938,591.3400268554688,596.3099975585938,594.1397705078125,83327300,0.0,0.0,0.0,610.17149511894,606.6671984863282,39.49546901481861,-0.22961909715252204,3.4132311461882026,-3.6428502433407246,618.2100006103516,639.547203416825,596.8727978038781,10.418533985188974,60653110.0,1.3738339221187503,596.6533406575521,-0.012175688157110454,0.19522012324013083
2025-11-19 00:00:00-05:00,597.0700073242188,606.1599731445312,594.5900268554688,599.8699951171875,597.686767578125,73111500,0.0,0.0,0.0,608.1111951185895,607.0505981445312,42.270249863947136,-1.170633224527478,2.4964582720450665,-3.6670914965725445,617.9290008544922,640.0620487164175,595.7959529925669,10.500777721179942,61234745.0,1.1939545106295453,600.2066650390625,0.005970045065769591,0.19410712334757824
2025-11-20 00:00:00-05:00,611.6199951171875,614.030029296875,584.75,585.6699829101562,583.5385131835938,117743200,0.0,0.0,0.0,603.6229526769029,607.0823974609375,35.313515174894164,-3.0273189622107566,1.391702825193902,-4.419021787404659,616.6834991455078,642.7793617467313,590.5876365442842,11.842152833729589,64979690.0,1.8120000264698093,594.8166707356771,-0.023671816097848297,0.20773508562975476
2025-11-21 00:00:00-05:00,587.469970703125,596.97998046875,580.739990234375,590.0700073242188,587.9224853515625,103344200,0.0,0.0,0.0,600.9123636063661,607.1505981445313,38.68108154546754,-4.096488815260159,0.2940644971030898,-4.390553312363249,615.3320007324219,643.8856126216194,586.7783888432243,12.156284076632833,67765275.0,1.5250318101712124,589.2633260091146,0.007512805065062578,0.2054644273927169
2025-11-24 00:00:00-05:00,595.280029296875,606.6799926757812,595.1599731445312,605.1599731445312,602.9575805664062,60168100,0.0,0.0,0.0,601.7618855139991,607.4201977539062,48.56977453757487,-3.6837159131484896,-0.5014915849472261,-3.182224328201263,614.185498046875,642.437780454241,585.933215639509,12.474405596270667,68068750.0,0.8839313194380681,602.3333129882812,0.02557317883134025,0.21699590919032521
2025-11-25 00:00:00-05:00,603.510009765625,610.260009765625,597.3200073242188,608.8900146484375,606.6740112304688,57560900,0.0,0.0,0.0,603.1875113408869,607.7743981933594,50.686760753350185,-3.020785503340221,-1.0053503686258252,-2.015435134714396,612.983999633789,639.9623115110192,586.0056877565589,12.507662513780353,67887010.0,0.8478926969975552,605.4900105794271,0.006163728054458417,0.2161796467034511
2025-11-26 00:00:00-05:00,612.510009765625,616.1900024414062,610.3900146484375,614.27001953125,612.034423828125,42393600,0.0,0.0,0.0,605.4040129789596,608.2597985839843,53.650232884214866,-2.0377964964189914,-1.2118395941844584,-0.825956902234533,611.9089996337891,636.8027145158018,587.0152847517764,12.135685748008095,66635550.0,0.6362009467919151,613.6166788736979,0.008835758106361391,0.2184028354037731
2025-11-28 00:00:00-05:00,616.1099853515625,619.3200073242188,615.4199829101562,619.25,616.996337890625,23034400,0.0,0.0,0.0,608.1732103831677,608.7383984375,56.269907576787716,-0.8471622627608895,-1.1389041278997447,0.29174186513885525,611.5690002441406,635.859310870784,587.2786896174972,11.629564465505286,64705840.0,0.3559864148274715,617.9966634114584,0.008107152083623115,0.21475366847866367
2025-12-01 00:00:00-05:00,613.6300048828125,619.4400024414062,612.52001953125,617.1699829101562,614.923828125,40957600,0.0,0.0,0.0,609.9725648885654,609.0947985839844,54.87483443312041,-0.07060219213008168,-0.9252437407458121,0.8546415486157304,610.9739990234375,634.0742205836281,587.8737774632469,11.293165782980354,63438465.0,0.645627223168152,616.3766682942709,-0.0033589294951049675,0.21404704480088765
2025-12-02 00:00:00-05:00,619.4600219726562,623.75,617.5900268554688,622.0,619.7362670898438,54541800,0.0,0.0,0.0,612.3780519108524,609.4907983398438,57.50923478854194,0.9239189096011842,-0.5554112106764129,1.479330120277597,610.4699981689453,632.0992817555026,588.8407145823879,10.956512304899169,64307840.0,0.8481360904051513,621.1133422851562,0.00782607259521706,0.21538036853792164
2025-12-03 00:00:00-05:00,619.6199951171875,624.219970703125,618.030029296875,623.52001953125,621.2507934570312,47841600,0.0,0.0,0.0,614.606445434932,609.9971984863281,58.33362694335764,1.813828237842472,-0.08156332097263591,1.8953915588151078,610.6834991455078,632.735403890459,588.6315944005565,10.616042954995658,63508380.0,0.7533116102158487,621.92333984375,0.0024437613042604944,0.20271220467094006
2025-12-04 00:00:00-05:00,624.9299926757812,624.9400024414062,619.5399780273438,622.9400024414062,620.6729125976562,47067800,0.0,0.0,0.0,616.2731568362269,610.5339990234374,57.87221829282994,2.4441110691795984,0.423571557057811,2.0205395121217875,610.6664978027344,632.6800210767447,588.6529745287241,10.24347020207186,63427345.0,0.7420742583502431,622.4733276367188,-0.000930230099556062,0.20146559815147844
2025-12-05 00:00:00-05:00,624.3800048828125,628.9199829101562,623.7100219726562,625.47998046875,623.20361328125,53614200,0.0,0.0,0.0,618.1145215627316,611.172998046875,59.387187049830445,3.112688616491937,0.9613949689446363,2.1512936475473006,611.3569976806641,634.2998506827823,588.4141446785459,9.938935221120298,62502300.0,0.8577956331207012,626.0366617838541,0.004077403951245895,0.18930226674198264
2025-12-08 00:00:00-05:00,627.2100219726562,628.8400268554688,621.6900024414062,624.280029296875,622.0079956054688,43462400,0.0,0.0,0.0,619.3476231095603,611.73919921875,58.32016805715463,3.5053080986356235,1.4701775948828337,2.03513050375279,612.0839996337891,635.6877786348698,588.4802206327083,9.739727306330455,60583650.0,0.7173948746897885,624.9366861979166,-0.001918448566452513,0.18897682662059193
2025-12-09 00:00:00-05:00,623.010009765625,625.8699951171875,621.0,625.0499877929688,622.775146484375,37156000,0.0,0.0,0.0,620.488096046242,612.2655993652344,58.83130226720414,3.8343906145489655,1.9430201988160603,1.8913704157329052,612.175,635.9632754923384,588.3867245076615,9.391889292820244,59645455.0,0.622947716636582,623.9733276367188,0.0012333543601594776,0.17216742590751166
2025-12-10 00:00:00-05:00,623.8499755859375,629.2100219726562,620.989990234375,627.6099853515625,625.3258666992188,55031400,0.0,0.0,0.0,621.9124739073062,612.8103991699219,60.562991180354544,4.2527383668525545,2.404963832423359,1.8477745344291954,612.4769989013672,636.8801085308764,588.073889271858,9.308185181781743,60153585.0,0.9148482172758282,625.9366658528646,0.004095668520261997,0.1723471397366581
2025-12-11 00:00:00-05:00,623.8200073242188,625.780029296875,617.719970703125,625.5800170898438,623.3032836914062,58272800,0.0,0.0,0.0,622.6459825438137,613.2569995117187,58.46299648263421,4.3701046548525255,2.797991996909192,1.5721126579433333,612.7019989013672,637.498060934059,587.9059368686754,9.349744429400014,60695005.0,0.9600921855101585,623.0266723632812,-0.0032344422636642056,0.17281522744175137
2025-12-12 00:00:00-05:00,622.0800170898438,623.5399780273438,611.3599853515625,613.6199951171875,611.3867797851562,75158700,0.0,0.0,0.0,620.8407850584886,613.4147998046875,47.92017824032481,3.4581807099699517,2.930029739521344,0.5281509704486078,612.9629974365234,637.6822077374261,588.2437871356208,9.697622094320103,60886260.0,1.2344115076209312,616.1733194986979,-0.01911829285771227,0.17078976441572782
2025-12-15 00:00:00-05:00,618.3699951171875,618.4199829101562,609.3200073242188,610.5399780273438,608.3179931640625,49538200,0.0,0.0,0.0,618.7806236522596,613.5619995117188,45.6377070893255,2.4586015470121083,2.8357441010194973,-0.37714255400738894,613.0469970703125,637.7212426945242,588.3727514461008,9.65493305800706,59358805.0,0.8345552104696178,612.7599894205729,-0.00501942100054209,0.17189384960542328
2025-12-16 00:00:00-05:00,608.260009765625,613.510009765625,606.9099731445312,611.75,609.5235595703125,55152800,0.0,0.0,0.0,617.3744989218077,613.6427990722656,46.71155974328172,1.7439631972483767,2.6173879202652732,-0.8734247230168966,613.4514984130859,637.7594623019464,589.1435345242254,9.43672616965611,58923925.0,0.9360001052204177,610.7233276367188,0.001981888191115333,0.16883337132201764
2025-12-17 00:00:00-05:00,613.0599975585938,613.6500244140625,600.280029296875,600.4099731445312,598.2247924804688,70654300,0.0,0.0,0.0,613.9815937663524,613.5607983398437,38.94685670176489,0.259569604863259,2.1458242571848705,-1.8862546523216115,613.6564971923829,637.4463916095771,589.8666027751887,9.717673951622638,58290275.0,1.212111282713969,604.7800089518229,-0.018537027961534558,0.17660857418168857
2025-12-18 00:00:00-05:00,609.7999877929688,612.9299926757812,606.9199829101562,609.1099853515625,606.8931884765625,78875800,0.0,0.0,0.0,613.0072720833945,613.5141979980468,46.319265276175265,-0.21235681829477926,1.6741880420889408,-1.88654486038372,614.1184967041015,637.1668356524033,591.0701577557998,9.917841493024593,58578490.0,1.34649766492786,609.6533203125,0.014490119412018831,0.18265745027674637
2025-12-19 00:00:00-05:00,611.9500122070312,617.6199951171875,611.8699951171875,617.0499877929688,614.8043212890625,60369800,0.0,0.0,0.0,613.8158152253094,613.6411975097657,52.0143267579567,0.053710786446231396,1.3500925909603991,-1.2963818045141677,615.6874969482421,634.6936544187911,596.6813394776932,9.817282083924622,55709820.0,1.083647371325199,615.5133260091146,0.013035416644538333,0.1627450932628864
2025-12-22 00:00:00-05:00,621.3499755859375,621.6500244140625,617.77001953125,619.2100219726562,617.7513427734375,43703100,0.794,0.0,0.0,614.8946565747788,614.2353979492187,53.4608424643712,0.43386664168622247,1.1668474011055638,-0.7329807594193414,617.144497680664,632.1102284961075,602.1787668652205,9.444621693722416,52727765.0,0.8288441582911773,619.5433553059896,0.0035005821609581655,0.16177958604985881
2025-12-23 00:00:00-05:00,618.2000122070312,622.4099731445312,617.780029296875,622.1099853515625,620.6444702148438,41120400,0.0,0.0,0.0,616.3377223301355,614.6373974609374,55.40449753839719,0.9581013090185024,1.1250981826881516,-0.16699687366964922,617.9919982910156,632.0385465357859,603.9454500462454,9.100716133289119,51775380.0,0.7942075944203596,620.7666625976562,0.004683327588380415,0.13734876353466233
2025-12-24 00:00:00-05:00,621.989990234375,624.280029296875,621.719970703125,623.9299926757812,622.460205078125,18468700,0.0,0.0,0.0,617.8561763992648,615.1559973144531,56.62874160473712,1.5030937117489884,1.200697288500319,0.30239642324866933,618.7439971923828,632.36479901969,605.1231953650756,8.633526309036325,49820770.0,0.37070282133335153,623.3099975585938,0.002925539481881456,0.1363420292601364
2025-12-26 00:00:00-05:00,624.6599731445312,625.52001953125,623.1400146484375,623.8900146484375,622.4203491210938,28959800,0.0,0.0,0.0,619.0629440490993,615.5893981933593,56.591990971405494,1.9097636580120252,1.3425105624026603,0.5672530956093649,619.2249969482422,632.8592847282241,605.5907091682602,8.186846207163194,49149080.0,0.5892236436572159,624.183349609375,-6.407454011359004e-05,0.13340809953529184
2025-12-29 00:00:00-05:00,620.0999755859375,622.780029296875,618.72998046875,620.8699951171875,619.4074096679688,32458300,0.0,0.0,0.0,619.424354262717,616.0069982910156,53.753995228725856,1.965702785405938,1.467149007003316,0.49855377840262194,619.3059967041015,632.9591515845757,605.6528418236273,7.970645348057788,49620275.0,0.6541338192906024,620.7933349609375,-0.004840628092039223,0.1319246920758276
2025-12-30 00:00:00-05:00,619.8400268554688,622.1799926757812,619.219970703125,619.4299926757812,617.9707641601562,31226800,0.0,0.0,0.0,619.4254819453299,616.3169982910156,52.40452376533263,1.8722565760962198,1.5481705208218968,0.324086055274323,619.4189971923828,633.0369311679689,605.8010632167967,7.61274367838625,49133735.0,0.6355470431873335,620.2766520182291,-0.0023193300573890463,0.13160776060006482
2025-12-31 00:00:00-05:00,619.6500244140625,619.9600219726562,614.0499877929688,614.3099975585938,612.8628540039062,40746500,0.0,0.0,0.0,618.4023850679828,616.3723986816407,47.80882041961335,1.3692748178459624,1.51239138022671,-0.14311656238074755,619.0344970703125,632.7729403860947,605.2960537545302,7.49112157133634,48443970.0,0.8411057144986259,616.1066691080729,-0.008265655808932348,0.13166136333576342
2026-01-02 00:00:00-05:00,620.0599975585938,622.8499755859375,610.1500244140625,613.1199951171875,611.6756591796875,61859200,0.0,0.0,0.0,617.3459070778238,616.4071984863281,46.78192946772511,0.864667549613614,1.382846614104091,-0.5181790644904769,618.5144958496094,632.3215775102653,604.7074141889534,7.863180828517672,49144850.0,1.2587117470090965,615.3733317057291,-0.0019371366999325623,0.1312406183536755
2026-01-05 00:00:00-05:00,619.3200073242188,620.8099975585938,616.719970703125,617.989990234375,616.5341796875,46828400,0.0,0.0,0.0,617.4747237091341,616.6571984863281,51.384073651376994,0.847955852516634,1.2758684617865996,-0.42791260926996566,618.2669952392578,631.9245381106823,604.6094523678332,7.8508109437239995,49132880.0,0.9530969892259522,618.5066528320312,0.007942972266394177,0.13486063695961717
2026-01-06 00:00:00-05:00,619.22998046875,624.02001953125,618.5399780273438,623.4199829101562,621.951416015625,43137500,0.0,0.0,0.0,618.6637755493385,616.9139978027343,55.95737379582017,1.2583611368759193,1.2723669968044637,-0.014005859928544417,618.1639953613281,631.6321528666626,604.6958378559937,7.7207551118062145,48609045.0,0.8874377186385785,621.9933268229166,0.008786538231342345,0.13791904067473962
2026-01-07 00:00:00-05:00,623.0399780273438,627.9400024414062,622.5599975585938,624.02001953125,622.550048828125,44880300,0.0,0.0,0.0,619.7350243457208,617.0523986816406,56.44496149189564,1.6134296099298808,1.3405795194295471,0.2728500905003337,618.1509948730469,631.5959946920616,604.7059950540322,7.553558666878092,48679940.0,0.9219464937713563,624.8400065104166,0.0009624917993369397,0.13780233989604074
2026-01-08 00:00:00-05:00,623.030029296875,623.4199829101562,617.7999877929688,620.469970703125,619.0083618164062,50435900,0.0,0.0,0.0,619.8820136172017,616.8999975585938,52.72580859977883,1.590035719509956,1.390470759445629,0.199564960064327,617.9219940185546,631.0412380396918,604.8027499974174,7.458306743406889,49343935.0,1.022129670039489,620.5633138020834,-0.005688998296547787,0.13917457195010324
2026-01-09 00:00:00-05:00,621.4099731445312,627.8900146484375,619.0599975585938,626.6500244140625,625.173828125,49688700,0.0,0.0,0.0,621.2356157765739,616.7745983886718,57.92339959402364,2.046582845329681,1.5216931766224393,0.5248896687072415,617.8739959716797,630.8574321940141,604.8905597493454,7.556286053866665,49076800.0,1.0124682130864278,624.5333455403646,0.009960278502977538,0.14314875614738867
2026-01-12 00:00:00-05:00,622.3099975585938,628.8499755859375,622.260009765625,627.1699829101562,625.6925659179688,37388700,0.0,0.0,0.0,622.4224892032904,616.60259765625,58.33842510030408,2.422431751625254,1.7018408916230023,0.7205908600022517,617.9534942626954,631.1425373880959,604.7644511372948,7.487263180041367,48032595.0,0.7784026659396603,626.0933227539062,0.0008297430397132821,0.1426711751290697
2026-01-13 00:00:00-05:00,627.27001953125,629.469970703125,623.7000122070312,626.239990234375,624.7647705078125,44481400,0.0,0.0,0.0,623.1859894095073,616.6063977050782,57.250721314941295,2.6151067581862435,1.8844940649356507,0.7306126932505927,618.5844940185547,632.0876631252867,605.0813249118227,7.364598559759394,46498730.0,0.9566153742263498,626.4699910481771,-0.001482839901657873,0.12350219249430856
2026-01-14 00:00:00-05:00,622.239990234375,623.4500122070312,614.5599975585938,619.5499877929688,618.0905151367188,72598700,0.0,0.0,0.0,622.4587890861997,616.4159973144531,50.02509797961116,2.2025857650584157,1.9481124049602039,0.25447336009821186,619.0349945068359,632.0260437833319,606.0439452303399,7.672840996618098,47651755.0,1.523526258371806,619.1866658528646,-0.01068280937936028,0.12871792143237074
2026-01-15 00:00:00-05:00,626.5999755859375,630.0,620.75,621.780029296875,620.3153076171875,53934900,0.0,0.0,0.0,622.3230371283348,616.2099975585937,52.1911744455739,2.0321799130327918,1.9649259065747215,0.06725400645807023,619.5364959716796,632.1322952966199,606.9406966467394,7.871210368790466,47590860.0,1.1333037478204848,624.1766764322916,0.0035994537129284687,0.1290485481850147
2026-01-16 00:00:00-05:00,625.5,626.0800170898438,618.8800048828125,621.260009765625,619.7965087890625,61058100,0.0,0.0,0.0,622.1104316557929,616.2501977539063,51.62921017177903,1.8340292696304914,1.9387465791858756,-0.10471730955538416,620.5789978027344,629.619807790299,611.5381878151699,7.823267642950523,47111050.0,1.2960462566637763,622.0733439127604,-0.0008363400346551586,0.10724185113197074
2026-01-20 00:00:00-05:00,610.530029296875,615.0599975585938,607.0499877929688,608.0599975585938,606.6276245117188,81988900,0.0,0.0,0.0,619.3003448363531,615.9457971191406,39.88840944943253,0.6048899938156183,1.6719752621118242,-1.067085268296206,620.526498413086,629.841145190561,611.211851635611,8.279464380786646,47266705.0,1.734601555153887,610.0566609700521,-0.0212471622179754,0.12448519748271214
2026-01-21 00:00:00-05:00,609.469970703125,620.4199829101562,607.8599853515625,616.280029296875,614.8282470703125,79837900,0.0,0.0,0.0,618.6962817284575,616.037998046875,47.84269572941358,0.29072483098821067,1.3957251758871017,-1.105000344898891,620.4880004882813,629.8659528767772,611.1100480997853,8.58521675063001,48240110.0,1.6550107369158156,614.8533325195312,0.013518455039445598,0.12516892408672228
2026-01-22 00:00:00-05:00,622.3499755859375,622.4600219726562,617.780029296875,620.760009765625,619.2976684570312,42254800,0.0,0.0,0.0,619.109027335891,616.2583984375,51.60160037414297,0.3986482897445285,1.196309798658587,-0.7976615089140586,620.5654998779297,629.92552756867,611.2054721871895,8.413415030997957,48167695.0,0.8772435550424408,620.3333536783854,0.007269390951806898,0.12727713210220556
2026-01-23 00:00:00-05:00,619.72998046875,625.4000244140625,618.6500244140625,622.719970703125,621.2530517578125,43645800,0.0,0.0,0.0,619.8312160093378,616.2481982421875,53.19099436201446,0.6350108659524949,1.0840500121173686,-0.4490391461648737,620.5959991455078,629.9799034172811,611.2120948737345,8.29459967164096,48293965.0,0.9037526738589386,622.2566731770834,0.0031573569602849627,0.12667097509786618
2026-01-26 00:00:00-05:00,623.2100219726562,627.6099853515625,622.1199951171875,625.4600219726562,623.9866333007812,35983000,0.0,0.0,0.0,620.9569772020016,616.3259985351563,55.39629332084042,1.031538217919092,1.0735476532777133,-0.04200943535862134,620.6725006103516,630.1879034145388,611.1570978061643,8.094270426121962,49169680.0,0.7318127756780195,625.0633341471354,0.004400133926068639,0.1272173869609146
2026-01-27 00:00:00-05:00,628.9099731445312,632.0399780273438,627.3400268554688,631.1300048828125,629.6432495117188,38997200,0.0,0.0,0.0,622.9915827381637,616.5269982910156,59.63427043747054,1.782758703399054,1.2153898633019815,0.5673688400970724,621.0345001220703,631.5140094495458,610.5549907945948,7.9861051138766435,49671550.0,0.7851013306409806,630.1700032552084,0.009065300276544397,0.13107946339313453
2026-01-28 00:00:00-05:00,635.4600219726562,636.5999755859375,631.8099975585938,633.219970703125,631.728271484375,50691700,0.0,0.0,0.0,625.037260331156,617.0233972167969,61.10138462169357,2.5177263434621864,1.4758571593340226,1.0418691841281638,621.6519989013672,633.3987696513194,609.9052281514149,7.806381227394383,50583220.0,1.0021445847061536,633.8766479492188,0.003311466423943088,0.12977134965103657
2026-01-29 00:00:00-05:00,632.6500244140625,633.6699829101562,618.27001953125,629.4299926757812,627.9472045898438,79944000,0.0,0.0,0.0,625.9158068000811,617.4347973632813,57.051868136405425,2.7625292234563403,1.7331915721584863,1.029337651297854,622.1519989013672,634.3215756462498,609.9824221564845,8.348779952502374,53019080.0,1.5078345380568656,627.1233317057291,-0.00598524715374249,0.13166011425037535
2026-01-30 00:00:00-05:00,625.7100219726562,628.260009765625,619.2999877929688,621.8699951171875,620.405029296875,65650700,0.0,0.0,0.0,625.1066444635024,617.7989978027343,49.9416252380157,2.319767808823485,1.8505068194914862,0.469260989331999,622.5299987792969,634.1594257098714,610.9005718487224,8.476010304667383,54264290.0,1.2098324699355691,623.1433308919271,-0.012010863235886293,0.13570234734344191
2026-02-02 00:00:00-05:00,618.7000122070312,628.489990234375,618.6599731445312,626.1400146484375,624.6650390625,49020300,0.0,0.0,0.0,625.3133185004895,618.3955981445313,53.46898671207508,2.287067200890988,1.9378188957713867,0.34924830511960114,623.1809997558594,634.0642516034707,612.2977479082481,8.572725075037123,53622345.0,0.9141767298688634,624.4299926757812,0.006866418326623602,0.13707037629330596
2026-02-03 00:00:00-05:00,628.2999877929688,629.97998046875,610.9600219726562,616.52001953125,615.0676879882812,81234000,0.0,0.0,0.0,623.5546587066416,618.7285986328125,45.66239322316214,1.4679766046908753,1.8438504375552847,-0.37587383286440934,623.1075012207032,634.1486958200186,612.0663066213878,9.318956033684026,55342625.0,1.467837855540824,619.1533406575521,-0.015363967949866497,0.14626674238705392
2026-02-04 00:00:00-05:00,615.02001953125,615.0999755859375,600.469970703125,605.75,604.322998046875,81850700,0.0,0.0,0.0,619.9937269653133,619.1301989746094,38.82758527246726,-0.049636977214390754,1.4651529546013495,-1.5147899318157403,622.2240020751954,635.6039398920763,608.8440642583145,9.799748376144095,57278285.0,1.4290005365907865,607.1066487630209,-0.017469050785145046,0.154614432523511
2026-02-05 00:00:00-05:00,600.2100219726562,604.8099975585938,594.760009765625,597.030029296875,595.6235961914062,89354500,0.0,0.0,0.0,615.4009874316257,619.2693994140625,34.34512941158576,-1.9336950022931205,0.7853833632224554,-2.7190783655155757,620.8745025634765,638.1383450495961,603.610660077357,9.884765651732017,59501995.0,1.5017059512038209,598.8666788736979,-0.014395329266405299,0.16099246402829698
2026-02-06 00:00:00-05:00,600.1900024414062,611.4099731445312,598.77001953125,609.6500244140625,608.2138671875,78019300,0.0,0.0,0.0,614.2507948281132,619.3592004394532,44.356995967839076,-2.3810491721114886,0.15209685615566665,-2.533146028267155,620.3335052490235,638.2788276966334,602.3881828014136,10.20584980858375,60881165.0,1.281501429875726,606.6100056966146,0.021137957050586076,0.18020753827106448
2026-02-09 00:00:00-05:00,607.5399780273438,616.4600219726562,605.0700073242188,614.3200073242188,612.8728637695312,56797600,0.0,0.0,0.0,614.2646373273343,619.4678002929687,47.54470189571469,-2.331871618058017,-0.34469683868707,-1.9871747793709469,619.7170043945313,637.5990359659216,601.8349728231409,10.290433011430446,61236610.0,0.9275105202590411,611.9500122070312,0.00766010452414001,0.17856032565934155
2026-02-10 00:00:00-05:00,615.3099975585938,617.02001953125,611.010009765625,611.469970703125,610.029541015625,53938900,0.0,0.0,0.0,613.7057040024924,619.4117993164062,45.81950791253236,-2.4941215085243584,-0.7745817726545277,-1.7195397358698308,618.9320037841796,636.814830307908,601.0491772604513,9.984688493872914,62064120.0,0.869083457559698,613.1666666666666,-0.004639335504483366,0.17889928144855444
2026-02-11 00:00:00-05:00,616.3800048828125,617.52001953125,607.6900024414062,613.1099853515625,611.6657104492188,58575100,0.0,0.0,0.0,613.5865602723065,619.2889990234376,47.011033103407456,-2.4619899520795343,-1.1120634085395291,-1.3499265435400052,618.275503540039,636.0003268319716,600.5506802481065,9.973640536442261,62768805.0,0.933188070093098,612.7733357747396,0.002682085346810581,0.17942400326331953
2026-02-12 00:00:00-05:00,614.7100219726562,615.8099975585938,599.5700073242188,600.6400146484375,599.22509765625,81378900,0.0,0.0,0.0,610.9972511475328,618.9583996582031,39.837197060915514,-3.4035142878540228,-1.5703535844024281,-1.8331607034515947,617.3300048828125,636.6295054347423,598.0305043308828,10.421236943437457,63207815.0,1.2874816191637062,605.3400065104166,-0.020338880463632636,0.18933682913677422
2026-02-13 00:00:00-05:00,600.4299926757812,606.47998046875,596.4199829101562,601.9199829101562,600.5020141601562,69237500,0.0,0.0,0.0,609.1817975000575,618.5567993164062,40.83520380360777,-4.00028358659597,-2.0563395848411368,-1.9439440017548328,616.3370025634765,636.636256715083,596.03774841187,10.395434130234335,63972945.0,1.082293460149443,601.6066487630209,0.002131007309707611,0.18888544740221516
2026-02-17 00:00:00-05:00,598.3800048828125,603.9500122070312,593.3400268554688,601.2999877929688,599.8834838867188,69013800,0.0,0.0,0.0,607.6054355586398,618.1123986816406,40.48487810112607,-4.471708903088597,-2.539413448490629,-1.932295454597968,615.3390014648437,636.5156597706115,594.1623431590759,10.410759217472062,64370730.0,1.0721301436227304,599.5300089518229,-0.0010300291314303545,0.1888769335577642
2026-02-18 00:00:00-05:00,602.1099853515625,609.77001953125,600.719970703125,605.7899780273438,604.3629760742188,64250700,0.0,0.0,0.0,607.2423440523806,617.7693981933594,44.217202428384525,-4.431923717506379,-2.9179155022937793,-1.5140082152125998,615.2255004882812,636.5805775722223,593.8704234043402,10.313565618232987,63483820.0,1.0120799283975035,605.4266560872396,0.0074671384093241144,0.17626962571960536
2026-02-19 00:00:00-05:00,602.8099975585938,605.8200073242188,600.75,603.469970703125,602.04833984375,60960800,0.0,0.0,0.0,606.4878693825295,617.3291979980469,42.726211248330515,-4.535318544210099,-3.2413961106770435,-1.293922433533056,614.5849975585937,636.5352693371759,592.6347257800115,9.939025740089113,62539965.0,0.9747495061757709,603.3466593424479,-0.003829722194767071,0.16906526052773796
2026-02-20 00:00:00-05:00,600.1199951171875,610.3499755859375,599.22998046875,608.8099975585938,607.3757934570312,74127300,0.0,0.0,0.0,606.9522950177424,617.0197973632812,47.14411199529376,-4.138656296955219,-3.420848147932679,-0.7178081490225399,613.9874969482422,635.8833954930552,592.0915984034292,10.02338069559614,64133590.0,1.155826455372294,606.1299845377604,0.008848869230803524,0.17017868537246086
2026-02-23 00:00:00-05:00,606.6099853515625,608.010009765625,599.0499877929688,601.4099731445312,599.9932250976562,63859100,0.0,0.0,0.0,605.8438306431001,616.5469970703125,42.27732904156802,-4.371032195561725,-3.610884957458488,-0.7601472381032366,612.9219970703125,635.0867622293644,590.7572319112606,10.004568486312488,65144255.0,0.9802721667474745,602.8233235677084,-0.012154899629995497,0.17395471610287647
2026-02-24 00:00:00-05:00,602.4000244140625,608.989990234375,599.72998046875,607.8699951171875,606.4380493164062,55023700,0.0,0.0,0.0,606.2490635379176,616.152197265625,47.383785614048975,-3.987951363938123,-3.686298238754415,-0.3016531251837078,612.0424957275391,633.5331182211914,590.5518732338867,9.951385720549096,66096290.0,0.832477889454915,605.5299886067709,0.010741461334402791,0.1782976884785748
2026-02-25 00:00:00-05:00,611.0700073242188,616.8300170898438,611.0,616.6799926757812,615.227294921875,55710700,0.0,0.0,0.0,608.3352493654903,615.9741967773438,53.43397374284361,-2.939578242021298,-3.536954239407792,0.5973759973864938,611.3199951171875,631.0986073302653,591.5413829041098,9.880574024271036,66931965.0,0.8323481911818964,614.836669921875,0.014493226560549965,0.1834751106094067
2026-02-26 00:00:00-05:00,615.5900268554688,615.5900268554688,603.97998046875,609.239990234375,607.8048095703125,96178900,0.0,0.0,0.0,608.5161975392673,615.8865966796875,48.37510749511126,-2.678208290067232,-3.3652050495396804,0.6869967594724482,610.12099609375,627.1617297743188,593.0802624131812,10.081962465896767,69206325.0,1.3897414723292993,609.6033325195312,-0.012064608110803121,0.18666880642277736
2026-02-27 00:00:00-05:00,602.97998046875,608.3200073242188,602.1900024414062,607.2899780273438,605.8594360351562,68125200,0.0,0.0,0.0,608.2709536368826,615.8215966796874,47.116027492345935,-2.5984668993244213,-3.2118574194966287,0.6133905201722074,609.0139953613282,623.5920701568294,594.4359205658269,9.865392846401908,68615385.0,0.9928560482463226,605.9333292643229,-0.0032007291679606586,0.1861140321148593
2026-03-02 00:00:00-05:00,598.8599853515625,609.9199829101562,597.989990234375,608.0900268554688,606.6575317382812,75264600,0.0,0.0,0.0,608.2347682805998,615.7483972167969,47.71727521354335,-2.4425577334010313,-3.0579974822775093,0.615439748876478,608.3249969482422,621.6567930427572,594.9932008537272,10.012864262786147,69096080.0,1.0892745290326167,605.3333333333334,0.001317408251530594,0.18231736280871064
2026-03-03 00:00:00-05:00,596.3300170898438,603.9600219726562,591.8699951171875,601.5800170898438,600.162841796875,97015500,0.0,0.0,0.0,606.9038180424486,615.7717980957032,43.394036172589495,-2.811888280053381,-3.008775641832684,0.19688736177930277,607.0969970703125,617.9288404882785,596.2651536523464,10.456233368178655,71495840.0,1.3569390890435025,599.1366780598959,-0.010705667710567912,0.18285765123672215
2026-03-04 00:00:00-05:00,604.1599731445312,612.8800048828125,603.4299926757812,610.75,609.3112182617188,70943900,0.0,0.0,0.0,607.6730544339589,615.8045983886718,50.23378002063628,-2.3376969003519434,-2.874559893536536,0.5368629931845925,606.80849609375,616.9033520213212,596.7136401661788,10.516501541377949,70981335.0,0.9994726078341581,609.0199991861979,0.015243164084000504,0.18530563550809026
2026-03-05 00:00:00-05:00,607.4000244140625,612.760009765625,602.260009765625,608.9099731445312,607.4755859375,89602400,0.0,0.0,0.0,607.9204381760734,615.6417980957032,48.955518770361756,-2.086321786203257,-2.7169122720698806,0.6305904858666236,606.9664947509766,617.0890152008731,596.8439743010802,10.515322859850952,71368920.0,1.2554820781931406,607.9766642252604,-0.00301273328770979,0.17443595592065608
2026-03-06 00:00:00-05:00,600.3099975585938,606.0,598.3300170898438,599.75,598.337158203125,86302300,0.0,0.0,0.0,606.2863505408587,615.25259765625,43.078714559506004,-2.5963098332435948,-2.6927917843046236,0.09648195106102886,607.1024932861328,616.7492714014611,597.4557151708045,10.51993951662499,71216310.0,1.2118333567128092,601.3600056966146,-0.01504323060636914,0.1751743514567496
2026-03-09 00:00:00-04:00,594.22998046875,609.27001953125,591.3300170898438,607.760009765625,606.3283081054688,93068200,0.0,0.0,0.0,606.581082385812,614.9655981445312,48.85999288345594,-2.3273104035162078,-2.6196955081469406,0.29238510463073286,607.0079925537109,616.5899072406235,597.4260778667983,11.049944011252224,71968755.0,1.2931750729882712,602.7866821289062,0.013355581101500702,0.164755473502269
2026-03-10 00:00:00-04:00,607.780029296875,613.2899780273438,605.4199829101562,607.77001953125,606.3383178710938,64078900,0.0,0.0,0.0,606.8188698148997,614.6423986816407,48.86698206226344,-2.0892353088534037,-2.5136034682882333,0.42436815943482964,606.6804931640625,615.6697695914768,597.6912167366481,10.822804804533316,72332820.0,0.8858896970973895,608.82666015625,1.6469931328311205e-05,0.16219215430323364
2026-03-11 00:00:00-04:00,608.9500122070312,612.4299926757812,605.030029296875,607.6900024414062,606.2584228515625,60114800,0.0,0.0,0.0,606.9930963402011,614.3183984375,48.80955537742348,-1.8852834178219382,-2.3879394581949747,0.5026560403730365,606.4914947509766,615.2253491042758,597.7576403976774,10.57831613127424,72641615.0,0.8275531869714075,608.3833414713541,-0.00013165685583749198,0.16144879625683375
2026-03-12 00:00:00-04:00,602.760009765625,604.1400146484375,597.0499877929688,597.260009765625,595.85302734375,71836600,0.0,0.0,0.0,605.0464790252859,613.8461987304687,41.89797729559806,-2.536029546645068,-2.4175574758849936,-0.11847207076007438,605.6989959716797,614.7572062830404,596.6407856603189,10.582723168214473,73304690.0,0.979972768454515,599.4833374023438,-0.017163344195031294,0.17169422322971492
2026-03-13 00:00:00-04:00,599.72998046875,603.5999755859375,592.5700073242188,593.719970703125,592.3213500976562,63145500,0.0,0.0,0.0,602.7811773608537,613.3319982910157,39.8361221237035,-3.299369036644407,-2.5939197880368763,-0.7054492486075308,605.352993774414,615.6074101319618,595.0985774168662,10.614669246321922,72393020.0,0.872259507891783,596.6299845377604,-0.005927132244948341,0.15747881537062783
2026-03-16 00:00:00-04:00,600.0399780273438,603.8599853515625,599.1099853515625,600.3800048828125,598.9656982421875,49077200,0.0,0.0,0.0,602.3009428652455,613.0533984375,45.29090784063704,-3.3285426166215757,-2.7408443537538165,-0.5876982628677592,605.2759948730469,615.6547400040863,594.8972497420075,10.580765346473035,71385005.0,0.6875001269524321,601.1166585286459,0.011217467001826131,0.1627324786099733
2026-03-17 00:00:00-04:00,603.1400146484375,605.9000244140625,601.8699951171875,603.3099975585938,601.8887939453125,47106600,0.0,0.0,0.0,602.5027538039151,612.8571984863281,47.54416340148047,-3.07973569099579,-2.8086226212022116,-0.2711130697935782,605.3764953613281,615.6375504596314,595.1154402630249,10.219283502528533,70289645.0,0.6701783740691819,603.6933390299479,0.0048802302740798,0.1636238335021017
2026-03-18 00:00:00-04:00,601.489990234375,603.1599731445312,594.5599975585938,594.9000244140625,593.4986572265625,56128000,0.0,0.0,0.0,600.9822079259446,612.3953991699219,42.17486652093847,-3.520585835542306,-2.951015264070231,-0.5695705714720751,604.831997680664,616.057880093739,593.6061152675891,10.114334680919352,69883510.0,0.8031651529810109,597.5399983723959,-0.013939721169156427,0.1686119985723033
2026-03-19 00:00:00-04:00,589.510009765625,595.7999877929688,587.0800170898438,593.02001953125,591.623046875,75597600,0.0,0.0,0.0,599.3897702470058,611.7873999023437,41.05858624536363,-3.97583251111746,-3.155978713479677,-0.8198537976377831,604.3095001220703,616.6570489970568,591.9619512470838,10.01473725393404,70615350.0,1.0705547731477647,591.9666748046875,-0.0031602030688504534,0.16847191898320663
2026-03-20 00:00:00-04:00,591.0599975585938,591.1699829101562,578.5399780273438,582.0599975585938,580.6888427734375,91964700,0.0,0.0,0.0,595.9238157093234,610.9481994628907,35.20801576977591,-5.16150237143961,-3.5570834450716635,-1.6044189263679467,602.9720001220703,618.4724361046285,587.4715641395121,10.333687557503485,71507220.0,1.2860897123395372,583.9233194986979,-0.01848170653887793,0.1754568809989973
2026-03-23 00:00:00-04:00,590.52001953125,595.0800170898438,585.9600219726562,588.0,587.3545532226562,89936100,0.733,0.0,0.0,594.3390525674588,610.2988000488281,40.18286278642418,-5.557779105751365,-3.957222577207604,-1.6005565285437608,602.3015014648438,619.1184397631001,585.4845631665875,10.525568412771094,72811070.0,1.2351981642351912,589.6800130208334,0.010205137728620972,0.17655573066672328
2026-03-24 00:00:00-04:00,584.8099975585938,587.9299926757812,581.9299926757812,583.97998046875,583.3389282226562,57750900,0.0,0.0,0.0,592.2672381477171,609.4453991699219,38.053362461379805,-6.1256011353460735,-4.390898288835298,-1.7347028465107757,601.1070007324219,619.4927584741947,582.721242990649,10.20731404930307,72947430.0,0.7916783360291103,584.6133219401041,-0.006836767910289088,0.17192631005021308
2026-03-25 00:00:00-04:00,589.1400146484375,591.3699951171875,585.6900024414062,587.8200073242188,587.1747436523438,60475500,0.0,0.0,0.0,591.3777919830175,608.6583996582032,41.25588352264916,-6.194341595870469,-4.7515869502423325,-1.4427546456281366,599.6640014648438,617.4547946834325,581.873208246255,10.006078377812674,73185670.0,0.8263297992626152,588.2933349609375,0.006575613863315066,0.16399903849012523
2026-03-26 00:00:00-04:00,582.5999755859375,584.6300048828125,573.4299926757812,573.7899780273438,573.1600952148438,81492100,0.0,0.0,0.0,587.8602291918828,607.6093994140625,34.28233735315072,-7.29681191089378,-5.260631942372622,-2.036179968521158,597.8915008544922,618.3731608281814,577.4098408808029,10.319216682857306,72451330.0,1.1247840446821336,577.2833251953125,-0.023867900245077234,0.17803077897536837
2026-03-27 00:00:00-04:00,570.8099975585938,571.02001953125,561.5700073242188,562.5800170898438,561.9624633789062,82702200,0.0,0.0,0.0,582.8041867714751,606.47,29.929281110442616,-8.97165805117254,-6.002837164132606,-2.968820887039934,595.6560028076171,620.7801444189437,570.5318611962906,10.454984827162141,73180180.0,1.1301174716979379,565.0566813151041,-0.019536696991535485,0.18754590011750177
2026-03-30 00:00:00-04:00,567.3800048828125,568.0499877929688,555.5999755859375,558.280029296875,557.6671752929688,70602600,0.0,0.0,0.0,577.8993552765551,605.2,28.43763716478672,-10.524637294976287,-6.907197190301343,-3.6174401046749445,593.1655029296875,622.4038992863409,563.927106573034,10.597486782867078,72947080.0,0.967860536706884,560.6433308919271,-0.00764333545868201,0.18703136570047188
2026-03-31 00:00:00-04:00,564.2899780273438,578.6400146484375,564.2100219726562,577.1799926757812,576.54638671875,95878000,0.0,0.0,0.0,577.7554827564003,604.3183996582031,42.09745634249749,-10.113730651833066,-7.548503882607688,-2.5652267692253785,591.9455017089844,621.7091827229308,562.1818206950379,11.294808109202465,72890205.0,1.3153756392920009,573.3433430989584,0.03385391270884219,0.228706047380344
2026-04-01 00:00:00-04:00,581.47998046875,587.739990234375,580.4199829101562,584.3099975585938,583.6685791015625,79435100,0.0,0.0,0.0,579.066385716839,603.8433996582031,46.26456295950214,-9.107763739609481,-7.860355854008047,-1.2474078856014348,590.623501586914,619.2560761085966,561.9909270652314,11.242321641301844,73314765.0,1.0834802512154271,584.1566569010416,0.012353174006878076,0.22603568117789533
2026-04-02 00:00:00-04:00,573.969970703125,586.0499877929688,571.9199829101562,584.97998046875,584.3378295898438,50941700,0.0,0.0,0.0,580.2491046672212,603.2173986816406,46.65307540753597,-8.162374915380838,-7.920759666282605,-0.24161524909823218,589.427001953125,616.8785726907314,561.9754312155186,11.448584729981178,71381730.0,0.7136517985764704,580.9833170572916,0.0011466223630531847,0.2262984545746836
2026-04-06 00:00:00-04:00,586.22998046875,590.6099853515625,584.6900024414062,588.5,587.85400390625,35108500,0.0,0.0,0.0,581.899283733777,602.5721984863281,48.749634703111624,-7.047867869228753,-7.7461813068718355,0.6983134376430824,588.864501953125,615.9048813837261,561.8241225225239,11.053684599993684,68822040.0,0.5101345441082537,587.9333292643229,0.006017333325542884,0.22239753138486065
2026-04-07 00:00:00-04:00,585.6400146484375,588.97998046875,578.4000244140625,588.5900268554688,587.9439086914062,49948200,0.0,0.0,0.0,583.2374323581154,601.889599609375,48.80505088102004,-6.087179376003974,-7.414380920698263,1.3272015446942893,587.9060028076171,613.5207302416641,562.2912753735702,11.019846846757527,66666040.0,0.749230042762402,585.3233439127604,0.00015297681473014357,0.216057289356914
2026-04-08 00:00:00-04:00,608.7100219726562,609.9000244140625,602.1199951171875,606.0900268554688,605.4246826171875,63086000,0.0,0.0,0.0,587.8079512575861,601.5021997070312,58.25438345108139,-3.8691222445486346,-6.705329185468338,2.8362069409197037,587.8220031738281,613.1854010495431,562.4586052981131,11.754857611888687,66616395.0,0.9470041121258513,606.0366821289062,0.029732070204270045,0.24292537602947148
2026-04-09 00:00:00-04:00,605.9299926757812,610.5,603.030029296875,610.1900024414062,609.5202026367188,37837500,0.0,0.0,0.0,592.2843614943502,601.0833996582031,60.11195142133371,-1.7601720549911306,-5.716297759372897,3.9561257043817664,587.9470031738281,613.7221355899652,562.171870757691,11.448794261262709,65502530.0,0.5776494434642448,607.9066772460938,0.006764631332426108,0.24411669598312663
2026-04-10 00:00:00-04:00,611.8400268554688,613.6699829101562,609.5800170898438,611.0700073242188,610.3992309570312,34038500,0.0,0.0,0.0,596.0414906603239,600.640400390625,60.51804023892428,-0.01760189240701493,-4.57655858597972,4.558956693572705,588.6375030517578,616.0608240865221,561.2141820169935,10.923163658337694,63612625.0,0.5350903220862211,611.4400024414062,0.001442181745508142,0.23521779128895218
2026-04-13 00:00:00-04:00,609.47998046875,626.739990234375,608.1099853515625,617.3900146484375,616.7122802734375,32972100,0.0,0.0,0.0,600.3111954579466,600.3996008300782,63.39992984939736,1.8520203507791848,-3.2908427986279394,5.142863149407124,589.8210052490234,619.9309855862805,559.7110249117663,11.473652317228753,62103955.0,0.5309178779354713,617.413330078125,0.010342525812865766,0.2357250769407294
2026-04-14 00:00:00-04:00,620.219970703125,628.5999755859375,620.0999755859375,628.5999755859375,627.909912109375,49921100,0.0,0.0,0.0,605.9689514835449,600.5342004394531,67.8785568118173,4.189960355688299,-1.7946821677646918,5.984642523452991,591.2320037841797,625.5410472256709,556.9229603426885,11.454817218676698,62146150.0,0.8032854810796807,625.7666422526041,0.018157016912369928,0.2405382421151994
2026-04-15 00:00:00-04:00,629.0800170898438,637.8300170898438,628.2000122070312,637.4000244140625,636.7003173828125,50102400,0.0,0.0,0.0,612.2551660696485,600.7594006347656,70.88997592917798,6.675929093906916,-0.10055991543037024,6.776489009337286,592.9365051269531,632.4663773960783,553.4066328578278,11.324473480400684,62295940.0,0.8042642907386902,634.4766845703125,0.013999441886586528,0.24393549875060055
2026-04-16 00:00:00-04:00,639.2100219726562,642.1799926757812,635.260009765625,640.469970703125,639.7669067382812,42320600,0.0,0.0,0.0,617.8981269963438,601.2383996582031,71.88038784903912,8.792442435013072,1.6780405546583184,7.1144018803547535,595.2150024414062,639.8575784188688,550.5724264639437,11.00986701109751,61605570.0,0.6869606108668421,639.3033243815104,0.004816357344643363,0.23574738549440985
2026-04-17 00:00:00-04:00,645.5900268554688,650.0,644.0700073242188,648.8499755859375,648.1376953125,53488900,0.0,0.0,0.0,624.0884967142625,602.1003991699218,74.4370987019202,11.018971026986947,3.546226649124044,7.472744377862902,598.0065002441406,648.3668837694928,547.6461167187884,10.904164317224474,60500135.0,0.8841120767747047,647.6399943033854,0.013084149556009228,0.2364356913185024
2026-04-20 00:00:00-04:00,648.0399780273438,648.760009765625,642.52001953125,646.7899780273438,646.0799560546875,37138500,0.0,0.0,0.0,628.6287929768788,603.0955981445312,72.68749728426734,12.47349965104479,5.331681249508193,7.141818401536597,601.2429992675782,655.2742483411515,547.2117501940048,10.57743515561469,57758825.0,0.6429926509065931,646.0233357747396,-0.0031748441644519065,0.22243296816133837
2026-04-21 00:00:00-04:00,648.4099731445312,650.2000122070312,642.2100219726562,644.3300170898438,643.6226806640625,39580500,0.0,0.0,0.0,631.7690377994718,603.7891979980469,70.55483230718191,13.274703260052547,6.920285651617064,6.354417608435483,604.0595001220703,660.8386158534738,547.2803843906668,10.392617661240427,55241045.0,0.716505272483531,645.5800170898438,-0.003803338055735961,0.22395473465463758
2026-04-22 00:00:00-04:00,650.1500244140625,655.3300170898438,648.52001953125,655.1099853515625,654.390869140625,37368400,0.0,0.0,0.0,636.43722730989,604.6049975585937,74.1360572897323,14.61108870382759,8.45844626205917,6.152642441768421,607.616000366211,667.7314409270645,547.5005598053575,10.43600211400897,54221920.0,0.6891751527795401,652.9866739908854,0.016730507621555812,0.22350616630139053
2026-04-23 00:00:00-04:00,653.5499877929688,656.9199829101562,645.52001953125,651.4199829101562,650.7048950195312,40099800,0.0,0.0,0.0,639.4337784299432,605.4039978027344,70.95483916545898,15.19724703392285,9.806206416431905,5.391040617490944,610.7959991455078,673.0759970109422,548.5160012800735,10.504856490073061,53203135.0,0.753711223972046,651.2866617838541,-0.005632645699066852,0.22715689160645683
2026-04-24 00:00:00-04:00,658.510009765625,664.510009765625,656.530029296875,663.8800048828125,663.1512451171875,45563100,0.0,0.0,0.0,644.3230237205171,606.4193981933594,74.87533565241915,16.477261757213114,11.140417484588149,5.336844272624965,615.3005004882813,679.232724115763,551.3682768607996,10.689511516172754,51406685.0,0.8863263600833238,661.6400146484375,0.019127478891562966,0.2041743733260424
2026-04-27 00:00:00-04:00,663.4000244140625,664.4299926757812,660.6900024414062,664.22998046875,663.5008544921875,32717000,0.0,0.0,0.0,648.3044150701637,607.6911975097656,74.97750052476087,17.32026551300305,12.37638709027113,4.94387842273192,620.3829986572266,682.8884463852751,557.8775509291781,10.193117138901485,48907425.0,0.6689577298334558,663.1166585286459,0.0005271669328243966,0.18006951347322306
2026-04-28 00:00:00-04:00,657.4099731445312,659.6400146484375,653.8099975585938,657.5499877929688,656.8281860351562,34147900,0.0,0.0,0.0,650.1535296147248,608.8037976074219,69.19397657050308,17.250479689266058,13.351205610070116,3.8992740791959424,625.3464965820312,682.9078291299695,567.785164034093,10.209321836848254,47084690.0,0.7252442354404373,657.0,-0.010056746717555742,0.18309963058456385
2026-04-29 00:00:00-04:00,658.6300048828125,661.719970703125,656.5900268554688,661.5700073242188,660.84375,31724900,0.0,0.0,0.0,652.4368251566236,610.0091979980468,70.66069986730902,17.319902841944895,14.144945056445072,3.1749577854998225,629.5659973144532,684.7068749403886,574.4251196885177,9.84650912333454,43877035.0,0.7230411079508905,659.9600016276041,0.006113633344809299,0.15621213614702267
2026-04-30 00:00:00-04:00,665.3499755859375,668.9000244140625,657.5599975585938,667.739990234375,667.0069580078125,40622200,0.0,0.0,0.0,655.497458172174,611.2481982421875,72.80114295382302,17.669108759617984,14.849777797079655,2.819330962538329,633.7374969482422,687.1485481725829,580.3264457239015,9.953188961344127,41936390.0,0.9686623002122977,664.7333374023438,0.009326273624633119,0.1551746810454159
2026-05-01 00:00:00-04:00,669.1599731445312,675.969970703125,668.7999877929688,674.1500244140625,673.4099731445312,39172600,0.0,0.0,0.0,659.2279714205517,612.6617993164062,74.85367316500711,18.25268753270325,15.530359744204373,2.722327788498875,638.1959991455078,689.4249247452368,586.9670735457788,9.830102640444547,41347935.0,0.9473895129224712,672.9733276367188,0.009599596060492877,0.154029740473925
2026-05-04 00:00:00-04:00,674.6599731445312,676.72998046875,668.9000244140625,672.8800048828125,672.141357421875,34542000,0.0,0.0,0.0,661.9583781130038,613.9431994628907,73.66749602488787,18.400587434676368,16.10440528229877,2.2961821523775967,642.4149993896484,690.3718607386288,594.458138040668,9.687235027176186,41319610.0,0.8359711042771217,672.836669921875,-0.0018838826451929025,0.1573275243802076
2026-05-05 00:00:00-04:00,677.9600219726562,682.77001953125,677.510009765625,681.6099853515625,680.8617553710938,37101100,0.0,0.0,0.0,665.8886995607156,615.5471997070313,76.43216807164887,19.003178820513767,16.684159989941772,2.319018830571995,647.0659973144532,691.1245637335849,603.0074308953215,9.70171928583771,40677255.0,0.9120846527131685,680.6300048828125,0.012974052439365336,0.15675878930200074
2026-05-06 00:00:00-04:00,687.780029296875,695.9299926757812,686.47998046875,695.77001953125,695.0062255859375,38778500,0.0,0.0,0.0,671.8649635548225,617.3052001953125,80.08455792169809,20.388309512406863,17.42498989443479,2.963319617972072,651.5499969482422,696.2640058163081,606.8359880801763,10.031597002864928,39461880.0,0.9826825280498547,692.7266642252604,0.02077439369140688,0.14240832485657462
2026-05-07 00:00:00-04:00,696.5800170898438,701.239990234375,691.77001953125,694.9400024414062,694.1771240234375,43779100,0.0,0.0,0.0,676.4799713321393,618.870400390625,79.30869373106692,21.174968269402143,18.174985569428262,2.999982699973881,655.7874969482422,700.0811268544907,611.4938670419937,9.99148083859779,39758960.0,1.1011128057675552,695.9833374023438,-0.0011929474776779525,0.1453256205404436
2026-05-08 00:00:00-04:00,699.9199829101562,711.22998046875,699.5,711.22998046875,710.44921875,44320400,0.0,0.0,0.0,683.4299731594615,620.9102001953125,82.82543769370047,22.849471602341623,19.109882776010934,3.7395888263306887,660.7954956054688,706.3635597315426,615.2274314793949,10.441373494936787,40273055.0,1.1004975907588834,707.3199869791666,0.023440840892904546,0.1556556149002631
2026-05-11 00:00:00-04:00,710.3599853515625,714.5900268554688,708.9099731445312,713.2899780273438,712.5069580078125,36019100,0.0,0.0,0.0,689.4019741330379,623.0302001953125,83.21397401424119,24.065341863850335,20.100974593578815,3.96436727027152,665.5904937744141,712.053462039077,619.1275255097512,10.101279224651124,40425405.0,0.8910015867497184,712.2633260091146,0.0028963874065546236,0.15619894400053208
2026-05-12 00:00:00-04:00,708.219970703125,710.1799926757812,696.6400146484375,707.239990234375,706.463623046875,45873000,0.0,0.0,0.0,692.9695773533053,625.0131994628906,77.65746968460266,24.261077750620643,20.93299522498718,3.3280825256334623,669.522494506836,716.1083434829708,622.9366455307012,10.569042378526492,40223000.0,1.140466897048952,704.6866658528646,-0.00848180680976407,0.16019132212761442
2026-05-13 00:00:00-04:00,709.9600219726562,716.6500244140625,704.8300170898438,714.7100219726562,713.9254760742188,40012500,0.0,0.0,0.0,697.3176662771756,627.2757995605468,79.47946287863107,24.733852527062822,21.69316668540231,3.040685841660512,673.3879943847656,721.4762973109946,625.2996914585367,10.65839701750451,39718505.0,1.0074019654063011,712.0633544921875,0.010562230418850849,0.15835731795519825
2026-05-14 00:00:00-04:00,714.6199951171875,722.030029296875,714.219970703125,719.7899780273438,718.9998168945312,33327500,0.0,0.0,0.0,701.8121286272093,629.4565991210937,80.6359298489538,25.22763150981109,22.400059650284067,2.8275718595270227,677.3539947509765,726.987429079842,627.7205604221111,10.454944272950618,39268850.0,0.8487006876952088,718.6799926757812,0.007107716274449949,0.1583798487303508
2026-05-15 00:00:00-04:00,710.1400146484375,715.1300048828125,705.5499877929688,708.9299926757812,708.1517944335938,51792700,0.0,0.0,0.0,703.2357014369237,631.4569995117188,71.37518868102586,24.460677391215086,22.812183198470272,1.6484941927448133,680.3579956054688,729.9996578058816,630.7163334050559,10.725304698766644,39184040.0,1.3217805004282355,709.8699951171875,-0.015087714031981059,0.1723860756737877
2026-05-18 00:00:00-04:00,711.5399780273438,712.0700073242188,698.8499755859375,705.8800048828125,705.1051025390625,49834500,0.0,0.0,0.0,703.7645621261015,633.579599609375,68.97917822488927,23.337729384429053,22.91729243566203,0.42043694876702276,683.3124969482421,731.6269931576364,634.9980007388478,10.903499487303403,39818840.0,1.2515306824608652,705.5999959309896,-0.004302241158477327,0.17309620344445492
2026-05-19 00:00:00-04:00,699.8099975585938,706.489990234375,695.25,701.530029296875,700.7599487304688,46827500,0.0,0.0,0.0,703.3176555602562,635.455,65.59698274334305,21.84496318553977,22.70282658563758,-0.8578634000978127,686.1724975585937,731.6039963209648,640.7409987962226,10.92753454066566,40181190.0,1.1654084908883984,701.0900065104166,-0.006162485912403315,0.1747801330573009
2026-05-20 00:00:00-04:00,705.2899780273438,713.1500244140625,703.7899780273438,713.1500244140625,712.3671875,36779200,0.0,0.0,0.0,705.2841293310174,637.5626000976563,69.84978261425138,21.353422746350475,22.43294581778016,-1.0795230714296835,689.0744995117187,733.6044453524298,644.5445536710076,10.97699601041722,40151730.0,0.9160053626580972,710.0300089518229,0.016563788621898112,0.1746240416741404
2026-05-21 00:00:00-04:00,708.989990234375,717.1199951171875,706.77001953125,714.510009765625,713.7256469726562,36415400,0.0,0.0,0.0,707.129305417939,639.6990002441406,70.31234181324088,20.83345772663904,22.113048199551937,-1.279590472912897,692.2290008544921,734.5247816602208,649.9332200487635,10.932208837240099,39967510.0,0.9111250613310662,712.8000081380209,0.0019070115754113992,0.1709420007316496
2026-05-22 00:00:00-04:00,718.0700073242188,722.1199951171875,715.9500122070312,717.5399780273438,716.7523193359375,33118600,0.0,0.0,0.0,709.21143993982,642.104599609375,71.36634563344609,20.43036627365018,21.776511814371585,-1.3461455407214054,694.9119995117187,736.4756271849137,653.3483718385237,10.694907159691699,39345285.0,0.8417425366216054,718.5366617838541,0.004240623952507905,0.1622077732755913
2026-05-26 00:00:00-04:00,725.9600219726562,731.1699829101562,724.1599731445312,730.280029296875,729.4783935546875,34254700,0.0,0.0,0.0,713.425157811231,644.83580078125,75.33202441444796,20.898029581001538,21.600815367697578,-0.7027857866960403,698.214501953125,739.9974087873809,656.4315951188692,10.90455699705747,39422170.0,0.8689196967087301,728.5366617838541,0.017755179724697978,0.1687896377643666
2026-05-27 00:00:00-04:00,732.9600219726562,733.3200073242188,725.4400024414062,729.4500122070312,728.6492919921875,35148700,0.0,0.0,0.0,716.6301286903911,647.4172009277344,74.60705250370997,20.960066084369146,21.47266551103189,-0.5125994266627458,701.8095031738281,741.2876749425502,662.3313314051061,10.688517560325687,39472210.0,0.8904669893071606,729.4033406575521,-0.0011365737204164228,0.16117075722767554
2026-05-28 00:00:00-04:00,729.72998046875,736.5999755859375,726.4099731445312,735.5999755859375,734.79248046875,32840000,0.0,0.0,0.0,720.4240980695004,650.0630004882812,76.41794770634333,21.26040439974804,21.430213288775125,-0.16980888902708458,705.5110015869141,743.0374920185138,667.9845111553143,10.652909337545728,39527965.0,0.830804216710878,732.8699747721354,0.008430959320020914,0.16154479058022764
2026-05-29 00:00:00-04:00,737.8400268554688,741.6300048828125,735.25,738.3099975585938,737.49951171875,37541700,0.0,0.0,0.0,724.0012779673191,652.9311999511718,77.18990326083356,21.46961247486081,21.43809312599226,0.03151934886854946,709.039501953125,744.9318575794538,673.1471463267961,10.347701876493355,39373940.0,0.953465667901155,738.3966674804688,0.003684097420609156,0.16095091211913493
2026-06-01 00:00:00-04:00,737.0399780273438,745.6500244140625,735.989990234375,742.739990234375,741.9246826171875,33890600,0.0,0.0,0.0,727.7490204207303,655.9255993652343,78.43275750373614,21.742243716109897,21.49892324401579,0.24332047209410845,712.4690002441406,747.4676403860619,677.4703601022193,10.298582755292937,39109840.0,0.866549185575804,741.4600016276041,0.006000179721837862,0.1601166370681653
2026-06-02 00:00:00-04:00,742.4000244140625,746.4400024414062,739.22998046875,746.1599731445312,745.3408813476562,30085200,0.0,0.0,0.0,731.4312109654905,659.2075988769532,79.36741465533505,21.980887983811954,21.595316191975023,0.3855717918369308,716.1329986572266,749.0687527027987,683.1972446116545,10.077971270818889,38887000.0,0.7736570061974439,743.9433186848959,0.004604549310825545,0.15811204549161256
2026-06-03 00:00:00-04:00,747.3099975585938,748.6500244140625,741.010009765625,744.2100219726562,743.39306640625,40270200,0.0,0.0,0.0,733.9869731669237,662.3317993164062,77.31020284625238,21.761813878029443,21.62861572918591,0.1331981488435332,719.2630004882812,750.3253958693718,688.2006051071907,9.903831512077362,39045455.0,1.0313671591226174,744.6233520507812,-0.002613315163043861,0.15766535957974212
2026-06-04 00:00:00-04:00,735.47998046875,743.5,732.6199951171875,740.6099853515625,739.7969970703125,40782600,0.0,0.0,0.0,735.3115756038516,665.4643994140625,73.52126391958251,21.054994333890022,21.513891450126735,-0.45889711623671303,721.5049987792969,751.9273738207802,691.0826237378136,10.02427403660532,39145660.0,1.041816640720836,738.9099934895834,-0.00483739336316813,0.14843391511624549
2026-06-05 00:00:00-04:00,730.0599975585938,731.6900024414062,704.3200073242188,705.0599975585938,704.2860107421875,99606600,0.0,0.0,0.0,729.2612599948,667.80919921875,48.331340253331135,17.425378920280195,20.696188944157427,-3.2708100238772317,722.0109985351562,750.9496330415785,693.0723640287339,11.900395750229492,41937035.0,2.3751464546790206,713.6900024414062,-0.04800095663859216,0.23463807667090553
2026-06-08 00:00:00-04:00,717.8099975585938,723.030029296875,713.0700073242188,716.0700073242188,715.283935546875,47401500,0.0,0.0,0.0,726.6230094606838,670.6547998046875,53.63019580386853,15.261374700945908,19.609226095515126,-4.3478513945692185,722.2529998779297,750.9065042657132,693.5994954901462,12.333941177947475,42091090.0,1.1261647061171378,717.3900146484375,0.015615706186351996,0.22612581001054038
2026-06-09 00:00:00-04:00,722.97998046875,725.6599731445312,686.3699951171875,707.8300170898438,707.052978515625,91932200,0.0,0.0,0.0,722.8644109865158,673.5597998046875,49.535731048538,12.734689841449722,18.234318844702045,-5.499629003252323,721.9800018310547,751.0705937179279,692.8894099441815,14.25937238147578,44886745.0,2.04809237114431,706.6199951171875,-0.011507241121808565,0.22979855840063307
2026-06-10 00:00:00-04:00,701.6599731445312,711.280029296875,692.9299926757812,693.6900024414062,692.9285278320312,65334300,0.0,0.0,0.0,717.029529277494,676.2679992675781,43.410896579827934,9.48199039448798,16.483853154659233,-7.001862760171253,721.3025024414062,752.3031111347195,690.3018937480929,14.551562684305635,45859810.0,1.424652653379942,699.3000081380209,-0.019976568253734728,0.2386884438620898
2026-06-11 00:00:00-04:00,699.2899780273438,718.3699951171875,695.0,717.1199951171875,716.332763671875,71798900,0.0,0.0,0.0,717.0476224454328,679.0667993164062,53.63978029473004,8.694581521067676,14.925998827940923,-6.231417306873247,721.4230010986328,752.3387927496259,690.5072094476396,15.275021969411036,47449130.0,1.5131763216733374,710.163330078125,0.033775883454166156,0.26607144746912514
2026-06-12 00:00:00-04:00,717.6099853515625,724.010009765625,711.280029296875,721.3400268554688,720.5481567382812,51168400,0.0,0.0,0.0,717.9061033274401,681.8073999023437,55.21015480544691,8.315222895418287,13.603843641436395,-5.288620746018108,721.5005035400391,752.4073016752172,690.5937054048609,15.09323329079239,48341175.0,1.0584848216866884,718.8766886393229,0.005884694007997515,0.2656917452817347
2026-06-15 00:00:00-04:00,738.0999755859375,744.760009765625,737.3800048828125,744.0,743.1832885742188,46710200,0.0,0.0,0.0,723.1248826619521,684.9878002929687,62.54648247739628,9.730877409411391,12.829250395031394,-3.098372985620003,723.25400390625,755.0749566943755,691.4330511181245,15.688001120746952,48087050.0,0.9713675511390281,742.046671549479,0.03141371932916659,0.28094281170418267
2026-06-16 00:00:00-04:00,742.25,744.219970703125,729.6400146484375,729.8599853515625,729.0587768554688,45348700,0.0,0.0,0.0,724.4719031998743,687.815,56.34456039236045,9.601136872528855,12.183627690530887,-2.5824908180020323,724.4530029296875,755.358977618559,693.547028240816,15.60885504459985,47862760.0,0.9474735681770128,734.5733235677084,-0.019005396032846122,0.29039955901253195
2026-06-17 00:00:00-04:00,735.1900024414062,735.6799926757812,720.8499755859375,722.510009765625,721.7168579101562,51669300,0.0,0.0,0.0,724.0795245130245,690.4933996582031,53.38153616119388,8.803750799767954,11.507652312378301,-2.703901512610347,725.502001953125,754.595646896952,696.4083570092981,15.55322376211727,48104850.0,1.0740975182336086,726.3466593424479,-0.010070391216744357,0.29215241963394967
2026-06-18 00:00:00-04:00,737.2000122070312,741.8200073242188,732.510009765625,740.6199951171875,739.8070068359375,50154600,0.0,0.0,0.0,727.3876186338571,693.1839990234375,59.09011903197201,9.523361673373302,11.110794184577303,-1.5874325112040015,726.8755004882812,756.1003299462914,697.650671030271,15.821564747579876,48773620.0,1.0283140763388077,738.3166707356771,0.025065376405563056,0.2993828354662636
2026-06-22 00:00:00-04:00,742.02001953125,745.4500122070312,734.3900146484375,737.9500122070312,737.9500122070312,43518600,0.813,0.0,0.0,729.5000973484919,695.73919921875,57.96318712683071,9.765640938511638,10.841763535364171,-1.0761225968525334,728.0475006103516,757.0741127017509,699.0208885189522,15.481452805509438,49128780.0,0.8858066493814827,739.2633463541666,-0.003605064578001027,0.30005915643375525
2026-06-23 00:00:00-04:00,715.739990234375,723.6099853515625,712.1099853515625,713.6500244140625,713.6500244140625,53354200,0.0,0.0,0.0,726.330082761606,697.7907995605469,48.83479237491872,7.90571095547989,10.254553019387314,-2.3488420639074246,727.8530029296875,757.2089009761021,698.4971048832729,16.221350951935104,50140560.0,1.064092622818732,716.4566650390625,-0.03292904314791367,0.32407277928069494
2026-06-24 00:00:00-04:00,715.3699951171875,719.9299926757812,704.4500122070312,710.6199951171875,710.6199951171875,52480400,0.0,0.0,0.0,723.1880652327224,699.6553991699219,47.823426489049,6.116695543889705,9.426981524287793,-3.3102859803980884,726.8700012207031,757.1374887432538,696.6025136981524,16.168395917421883,51051845.0,1.027982436286093,711.6666666666665,-0.00424581964999271,0.31736058753644647
2026-06-25 00:00:00-04:00,725.9000244140625,726.8300170898438,705.2999877929688,716.3800048828125,716.3800048828125,49668000,0.0,0.0,0.0,721.8264531627404,701.4109997558594,49.945606566697734,5.1048273190311875,8.562550683236474,-3.457723364205286,726.2165008544922,756.7957301336793,695.6372715753051,16.551369730239962,51777810.0,0.959252621924334,716.1700032552084,0.008105611726665796,0.3190655869708434
2026-06-26 00:00:00-04:00,707.1300048828125,715.5599975585938,702.8099975585938,706.52001953125,706.52001953125,47081800,0.0,0.0,0.0,718.7651664364424,702.7933996582032,46.46190141768583,3.4673268604670966,7.543505918682598,-4.0761790582155015,724.7625030517578,756.1729022941091,693.3521038094065,16.33841527266702,52489900.0,0.8969687501786058,708.2966715494791,-0.013763624451209266,0.32035549517642053
2026-06-29 00:00:00-04:00,713.989990234375,724.5800170898438,705.1699829101562,724.0800170898438,724.0800170898438,44939100,0.0,0.0,0.0,719.8281365671228,704.4656005859375,52.778929297200094,3.5456687353778307,6.743938482021645,-3.198269746643814,724.0510040283203,754.8401984487268,693.2618096079138,16.557816623168485,52859770.0,0.8501569340918433,717.9433390299479,0.024854210883145544,0.33371497020935065
2026-06-30 00:00:00-04:00,724.1799926757812,737.6199951171875,723.9099731445312,736.4000244140625,736.4000244140625,42121800,0.0,0.0,0.0,723.1425141365107,706.2166015625,56.64410470390044,4.549433822947776,6.305037550206872,-1.7556037272590954,723.7340057373046,753.8706372877457,693.5973741868636,16.35440271956047,53271330.0,0.7907029916467263,732.6433308919271,0.017014704222517052,0.3389247315221013
2026-07-01 00:00:00-04:00,729.1900024414062,731.9199829101562,724.5999755859375,725.1699829101562,725.1699829101562,40803800,0.0,0.0,0.0,723.5480078912399,707.7842016601562,52.43123036555589,4.388170294972269,5.921664099159952,-1.5334938041876827,722.6845062255859,751.0330223695545,694.3359900816173,16.029091727315077,53807260.0,0.7583326116215544,727.22998046875,-0.015249920059198452,0.34249189464655067
2026-07-02 00:00:00-04:00,725.5800170898438,730.8300170898438,707.5599975585938,712.5999755859375,712.5999755859375,50959800,0.0,0.0,0.0,721.3584014301794,709.1496008300782,48.117384226863734,3.2090809603531625,5.3791474713985945,-2.170066511045432,721.10400390625,747.9613381605664,694.2466696519336,16.546300856167573,54341740.0,0.9377653347132425,716.9966634114584,-0.017333877050142776,0.34724842368108505
2026-07-06 00:00:00-04:00,719.9299926757812,726.0800170898438,718.4500122070312,722.8200073242188,722.8200073242188,30220400,0.0,0.0,0.0,721.6507226089873,710.5038012695312,51.60386053777847,3.063995484028851,4.916117073924646,-1.8521215898957948,720.2145050048828,745.5649259320206,694.8640840777449,16.32728233100605,53813630.0,0.5615751994429664,722.4500122070312,0.014341891788415717,0.3517699981437006
2026-07-07 00:00:00-04:00,714.1699829101562,716.3499755859375,704.9000244140625,709.4299926757812,709.4299926757812,42483100,0.0,0.0,0.0,719.2065766223461,711.6640014648438,47.134764500411755,1.8472578826570043,4.302345235671118,-2.4550873530141137,720.4330047607422,745.328429936007,695.5375795854774,16.441046658088208,50957455.0,0.8336974442699306,710.2266642252604,-0.0185246873533641,0.3129292892210097
2026-07-08 00:00:00-04:00,704.9500122070312,712.260009765625,700.9099731445312,711.4400024414062,711.4400024414062,35603200,0.0,0.0,0.0,717.6532617861582,712.6152014160157,47.86467792960215,1.0332647246218585,3.6485291334612664,-2.615264408839408,720.2015045166015,745.3398317087986,695.0631773244045,16.077403084017178,50367540.0,0.7068679550361204,708.2033284505209,0.0028332742996159954,0.30798668073449953
2026-07-09 00:00:00-04:00,718.3300170898438,724.22998046875,715.1300048828125,723.280029296875,723.280029296875,33654700,0.0,0.0,0.0,718.7786152883016,713.7962023925782,52.063315426184076,1.3282492676273705,3.1844731602944876,-1.856223892667117,720.9740051269531,745.4859040330853,696.4621062208209,15.842587008540505,47453665.0,0.7092118174644677,720.8800048828125,0.01664234062582648,0.310413618998016
2026-07-10 00:00:00-04:00,720.7000122070312,726.3900146484375,717.0,725.510009765625,725.510009765625,26415900,0.0,0.0,0.0,720.1248941837664,715.1554028320312,52.833758656228625,1.7221159496245946,2.892001718160509,-1.1698857685359143,722.5650054931641,743.6822914558707,701.4477195304576,15.381688982818863,45507745.0,0.580470423221366,722.9666748046875,0.0030831495111482976,0.3001094034681148
2026-07-13 00:00:00-04:00,717.719970703125,718.739990234375,710.0800170898438,711.739990234375,711.739990234375,36552400,0.0,0.0,0.0,718.4479133938881,716.1588024902344,47.732206398079065,0.9126126073902014,2.4961238960064476,-1.5835112886162461,722.2960052490234,743.8170852725036,700.7749252255433,15.385139246601891,43745420.0,0.8355709009080264,713.5199991861979,-0.01897977883957569,0.2850363525882548
2026-07-14 00:00:00-04:00,720.219970703125,722.2899780273438,714.3400268554688,719.6900024414062,719.6900024414062,29448100,0.0,0.0,0.0,718.6963312033918,717.197802734375,50.69241609392768,0.9021752064010116,2.1773341580853605,-1.275158951684349,722.2135040283204,743.7612447627974,700.6657632938433,15.039771285628095,42659405.0,0.6903073308218902,718.7733357747396,0.011169826504217273,0.28714804997146187
2026-07-15 00:00:00-04:00,723.8499755859375,724.3599853515625,710.22998046875,717.739990234375,717.739990234375,32627600,0.0,0.0,0.0,718.5050630095884,718.0696020507812,49.94521683894272,0.7281600272144715,1.8874993319111828,-1.1593393046967113,720.900503540039,740.0442083387311,701.756798741347,14.974787971141268,41955275.0,0.7776757511421388,717.4433186848959,-0.002709516875899598,0.2621598301198307
2026-07-16 00:00:00-04:00,712.010009765625,713.5999755859375,702.6099853515625,705.9400024414062,705.9400024414062,39402000,0.0,0.0,0.0,715.9920508959519,718.7308020019532,45.568144764809055,-0.3577843391337865,1.438442597702189,-1.7962269368359756,719.7045043945312,739.4394640690145,699.9695447200479,14.9858748934035,41657940.0,0.9458460980067666,707.3833211263021,-0.01644047698821338,0.2600593953853383
2026-07-17 00:00:00-04:00,691.6500244140625,702.2999877929688,686.760009765625,695.3300170898438,695.3300170898438,54109300,0.0,0.0,0.0,711.8596441347304,719.0052026367188,42.00367455477756,-2.0508987358089144,0.7405743309999684,-2.7914730668088827,718.3455047607422,740.6911993691173,695.9998101523671,15.28545473500191,41779940.0,1.2951023864562754,694.7966715494791,-0.015029585113280453,0.2627990047761014
2026-07-20 00:00:00-04:00,702.1599731445312,705.7999877929688,695.510009765625,696.0599975585938,696.0599975585938,29687600,0.0,0.0,0.0,708.6997148195031,719.0110021972656,42.337873776366315,-3.2958087387077057,-0.06670228294156655,-3.2291064557661393,716.1175048828125,738.0166444967354,694.2183652688896,14.941491589867844,40756590.0,0.7284122641271019,699.1233317057291,0.001049833101992581,0.24336273404260697
2026-07-21 00:00:00-04:00,706.5700073242188,710.0499877929688,702.7999877929688,708.969970703125,708.969970703125,33728300,0.0,0.0,0.0,708.7537659962276,719.2916015625,48.0404265703095,-3.203751097099257,-0.6941120457731047,-2.509639051326152,714.6685028076172,734.3169037993509,695.0201018158834,14.873527207332641,40267075.0,0.8376148503460954,707.2733154296875,0.018547213156642428,0.25503854662824743
2026-07-22 00:00:00-04:00,703.6400146484375,709.6472778320312,703.6400146484375,705.3499755859375,705.3499755859375,22936871,0.0,0.0,0.0,708.0730079141696,719.1740014648437,46.6473562907397,-3.3838907194653984,-1.2320677805115636,-2.151822938953835,714.2535003662109,734.31665773725,694.1903429951718,14.240222634208434,38746208.55,0.5919771729510294,706.2124226888021,-0.005105992167196205,0.22777565957026447
